Material,C,Si,Mn,P,S,Ni,Cr,Mo,Cu,Ti,Al,B,N,Nb+Ta,Elongation,Reduction of Area,Stress,Temperature,Stacking Fault Energy,PI_creep_feature,creep_rupture_life
0,0.06,0.59,1.69,0.024,0.017,13.32,16.73,2.38,0.07,0.011,0.015,0.001,0.03,0.02,55,61,235,650,66.7612,1.4382,29.2
1,0.05,0.52,1.51,0.021,0.01,13.21,16.42,2.34,0.14,0.011,0.018,0.0005,0.034,0.01,68,78,157,700,66.6025,1.4285,34.5
7,0.06,0.52,1.6,0.025,0.007,13.3,16.7,2.25,0.24,0.06,0.02,0.0008,0.0318,0.01,72,77,235,650,65.2279,1.4716,38.8
18,0.012,0.56,0.81,0.024,0.004,10.67,16.39,2.11,0.27,0.0006,0.011,0.001,0.081,0.001,106,80,177,700,58.7002,1.5759,39
8,0.06,0.52,1.58,0.025,0.007,13.6,16.6,2.31,0.26,0.029,0.021,0.0007,0.0224,0.01,75,83,157,700,66.6248,1.5669,40.2
3,0.058,0.58,1.56,0.027,0.008,13.65,16.86,2.14,0.17,0.028,0.041,0.0009,0.025,0.01,62,75,157,700,63.5551,1.7937,40.8
6,0.07,0.61,1.65,0.025,0.007,13.6,16.6,2.33,0.26,0.043,0.017,0.0011,0.025,0.01,81,85,157,700,66.6471,1.6163,43
0,0.06,0.59,1.69,0.024,0.017,13.32,16.73,2.38,0.07,0.011,0.015,0.001,0.03,0.02,73,74,157,700,66.7612,1.6053,44.4
16,0.05,0.74,1.74,0.035,0.006,11.19,17.6,2.32,0.28,0.014,0.005,0.0007,0.023,0.03,72,86,157,700,59.6453,1.8192,48.7
2,0.05,0.71,1.52,0.022,0.013,13.5,17.5,2.28,0.17,0.055,0.027,0.0013,0.035,0.02,65,79,157,700,64.2349,1.7139,51.5
7,0.06,0.52,1.6,0.025,0.007,13.3,16.7,2.25,0.24,0.06,0.02,0.0008,0.0318,0.01,116,85,157,700,65.2279,1.7430,52.2
3,0.058,0.58,1.56,0.027,0.008,13.65,16.86,2.14,0.17,0.028,0.041,0.0009,0.025,0.01,64,72,216,650,63.5551,1.7288,52.8
8,0.06,0.52,1.58,0.025,0.007,13.6,16.6,2.31,0.26,0.029,0.021,0.0007,0.0224,0.01,61,76,216,650,66.6248,1.6869,54
17,0.012,0.55,0.87,0.025,0.005,11.22,16.79,2.02,0.28,0.001,0.015,0.0002,0.0765,0.007,91,81,108,750,57.9359,1.6059,58.3
6,0.07,0.61,1.65,0.025,0.007,13.6,16.6,2.33,0.26,0.043,0.017,0.0011,0.025,0.01,90,86,108,750,66.6471,1.7096,62.4
10,0.07,0.73,1.62,0.029,0.019,11.92,16.97,2.45,0.14,0.009,0.022,0.0013,0.0159,0.04,82,79,137,700,64.0064,2.0548,69.3
5,0.066,0.63,1.73,0.029,0.024,13.16,17.07,2.34,0.13,0.055,0.095,0.002,0.028,0.01,66,77,157,700,65.3684,1.9119,71.9
7,0.06,0.52,1.6,0.025,0.007,13.3,16.7,2.25,0.24,0.06,0.02,0.0008,0.0318,0.01,105,83,108,750,65.2279,1.7963,72.2
6,0.07,0.61,1.65,0.025,0.007,13.6,16.6,2.33,0.26,0.043,0.017,0.0011,0.025,0.01,84,78,216,650,66.6471,1.8093,72.4
13,0.08,0.67,1.44,0.026,0.009,12.3,17.11,2.31,0.35,0.013,0.006,0.001,0.0186,0.04,102,82,137,700,63.2041,2.0572,73.9
1,0.05,0.52,1.51,0.021,0.01,13.21,16.42,2.34,0.14,0.011,0.018,0.0005,0.034,0.01,63,63,196,650,66.6025,1.8915,75
2,0.05,0.71,1.52,0.022,0.013,13.5,17.5,2.28,0.17,0.055,0.027,0.0013,0.035,0.02,59,73,216,650,64.2349,1.7676,78.6
5,0.066,0.63,1.73,0.029,0.024,13.16,17.07,2.34,0.13,0.055,0.095,0.002,0.028,0.01,48,60,108,750,65.3684,2.0035,81.4
14,0.07,0.61,1.41,0.026,0.007,12.18,16.97,2.25,0.34,0.018,0.006,0.0008,0.0218,0.03,95,78,137,700,62.3719,2.0572,83.3
4,0.078,0.62,1.6,0.021,0.008,13.51,16.9,2.08,0.16,0.037,0.031,0.001,0.028,0.01,59,55,216,650,62.6117,1.8502,86.1
11,0.07,0.81,1.75,0.026,0.01,10.28,16.97,2.44,0.15,0.044,0.04,0.0016,0.0241,0.04,109,83,137,700,60.2786,2.0572,86.4
4,0.078,0.62,1.6,0.021,0.008,13.51,16.9,2.08,0.16,0.037,0.031,0.001,0.028,0.01,50,58,157,700,62.6117,1.9443,86.9
18,0.012,0.56,0.81,0.024,0.004,10.67,16.39,2.11,0.27,0.0006,0.011,0.001,0.081,0.001,134,89,108,750,58.7002,1.9186,92.9
14,0.07,0.61,1.41,0.026,0.007,12.18,16.97,2.25,0.34,0.018,0.006,0.0008,0.0218,0.03,16,20,265,600,62.3719,2.4991,93.3
17,0.012,0.55,0.87,0.025,0.005,11.22,16.79,2.02,0.28,0.001,0.015,0.0002,0.0765,0.007,39,65,373,550,57.9359,2.0456,96.6
13,0.08,0.67,1.44,0.026,0.009,12.3,17.11,2.31,0.35,0.013,0.006,0.001,0.0186,0.04,16,22,265,600,63.2041,2.4991,97.2
1,0.05,0.52,1.51,0.021,0.01,13.21,16.42,2.34,0.14,0.011,0.018,0.0005,0.034,0.01,85,80,137,700,66.6025,1.9460,99.4
8,0.06,0.52,1.58,0.025,0.007,13.6,16.6,2.31,0.26,0.029,0.021,0.0007,0.0224,0.01,84,83,137,700,66.6248,2.0512,103.3
12,0.07,0.58,1.67,0.027,0.011,10.42,17.3,2.37,0.17,0.047,0.03,0.0007,0.029,0.03,107,83,137,700,60.6679,2.0572,107.2
8,0.06,0.52,1.58,0.025,0.007,13.6,16.6,2.31,0.26,0.029,0.021,0.0007,0.0224,0.01,72,74,196,650,66.6248,2.0813,108.5
5,0.066,0.63,1.73,0.029,0.024,13.16,17.07,2.34,0.13,0.055,0.095,0.002,0.028,0.01,56,80,216,650,65.3684,1.9712,108.8
6,0.07,0.61,1.65,0.025,0.007,13.6,16.6,2.33,0.26,0.043,0.017,0.0011,0.025,0.01,85,84,137,700,66.6471,2.0478,109.9
17,0.012,0.55,0.87,0.025,0.005,11.22,16.79,2.02,0.28,0.001,0.015,0.0002,0.0765,0.007,59,67,294,600,57.9359,1.6718,119
2,0.05,0.71,1.52,0.022,0.013,13.5,17.5,2.28,0.17,0.055,0.027,0.0013,0.035,0.02,79,76,137,700,64.2349,2.2265,123.9
0,0.06,0.59,1.69,0.024,0.017,13.32,16.73,2.38,0.07,0.011,0.015,0.001,0.03,0.02,108,73,137,700,66.7612,2.1043,126.6
6,0.07,0.61,1.65,0.025,0.007,13.6,16.6,2.33,0.26,0.043,0.017,0.0011,0.025,0.01,64,81,196,650,66.6471,2.1603,126.8
10,0.07,0.73,1.62,0.029,0.019,11.92,16.97,2.45,0.14,0.009,0.022,0.0013,0.0159,0.04,129,89,88,750,64.0064,2.1851,126.8
9,0.06,0.46,1.49,0.032,0.026,12.48,17.43,2.49,0.15,0.009,0.025,0.0008,0.0189,0.04,93,81,137,700,66.7895,2.0572,129.1
13,0.08,0.67,1.44,0.026,0.009,12.3,17.11,2.31,0.35,0.013,0.006,0.001,0.0186,0.04,62,69,196,650,63.2041,2.0924,130.5
3,0.058,0.58,1.56,0.027,0.008,13.65,16.86,2.14,0.17,0.028,0.041,0.0009,0.025,0.01,68,70,196,650,63.5551,2.0206,130.6
14,0.07,0.61,1.41,0.026,0.007,12.18,16.97,2.25,0.34,0.018,0.006,0.0008,0.0218,0.03,60,65,196,650,62.3719,2.0924,131.1
13,0.08,0.67,1.44,0.026,0.009,12.3,17.11,2.31,0.35,0.013,0.006,0.001,0.0186,0.04,89,79,88,750,63.2041,2.1851,135.2
18,0.012,0.56,0.81,0.024,0.004,10.67,16.39,2.11,0.27,0.0006,0.011,0.001,0.081,0.001,75,73,216,650,58.7002,2.1418,139.8
10,0.07,0.73,1.62,0.029,0.019,11.92,16.97,2.45,0.14,0.009,0.022,0.0013,0.0159,0.04,59,76,196,650,64.0064,2.0924,139.8
7,0.06,0.52,1.6,0.025,0.007,13.3,16.7,2.25,0.24,0.06,0.02,0.0008,0.0318,0.01,93,87,137,700,65.2279,2.2328,140.9
15,0.06,0.74,1.7,0.038,0.011,13.04,17.31,2.56,0.3,0.011,0.005,0.0011,0.0192,0.04,119,85,88,750,67.3807,2.1299,145.3
11,0.07,0.81,1.75,0.026,0.01,10.28,16.97,2.44,0.15,0.044,0.04,0.0016,0.0241,0.04,56,70,196,650,60.2786,2.0924,148.9
3,0.058,0.58,1.56,0.027,0.008,13.65,16.86,2.14,0.17,0.028,0.041,0.0009,0.025,0.01,84,69,137,700,63.5551,2.1743,151.6
15,0.06,0.74,1.7,0.038,0.011,13.04,17.31,2.56,0.3,0.011,0.005,0.0011,0.0192,0.04,21,16,265,600,67.3807,2.3369,158.3
1,0.05,0.52,1.51,0.021,0.01,13.21,16.42,2.34,0.14,0.011,0.018,0.0005,0.034,0.01,80,83,88,750,66.6025,2.2316,161.4
2,0.05,0.71,1.52,0.022,0.013,13.5,17.5,2.28,0.17,0.055,0.027,0.0013,0.035,0.02,56,74,196,650,64.2349,2.1939,161.7
14,0.07,0.61,1.41,0.026,0.007,12.18,16.97,2.25,0.34,0.018,0.006,0.0008,0.0218,0.03,81,61,88,750,62.3719,2.1851,161.9
16,0.05,0.74,1.74,0.035,0.006,11.19,17.6,2.32,0.28,0.014,0.005,0.0007,0.023,0.03,81,67,88,750,59.6453,2.1299,162.7
12,0.07,0.58,1.67,0.027,0.011,10.42,17.3,2.37,0.17,0.047,0.03,0.0007,0.029,0.03,53,72,196,650,60.6679,2.0924,163.1
0,0.06,0.59,1.69,0.024,0.017,13.32,16.73,2.38,0.07,0.011,0.015,0.001,0.03,0.02,69,72,196,650,66.7612,2.1334,166
11,0.07,0.81,1.75,0.026,0.01,10.28,16.97,2.44,0.15,0.044,0.04,0.0016,0.0241,0.04,87,72,88,750,60.2786,2.1851,170.1
17,0.012,0.55,0.87,0.025,0.005,11.22,16.79,2.02,0.28,0.001,0.015,0.0002,0.0765,0.007,69,78,147,700,57.9359,2.3233,171.5
12,0.07,0.58,1.67,0.027,0.011,10.42,17.3,2.37,0.17,0.047,0.03,0.0007,0.029,0.03,65,57,88,750,60.6679,2.1851,172.6
15,0.06,0.74,1.7,0.038,0.011,13.04,17.31,2.56,0.3,0.011,0.005,0.0011,0.0192,0.04,49,56,196,650,67.3807,2.3892,176.5
4,0.078,0.62,1.6,0.021,0.008,13.51,16.9,2.08,0.16,0.037,0.031,0.001,0.028,0.01,49,59,196,650,62.6117,2.2161,177
17,0.012,0.55,0.87,0.025,0.005,11.22,16.79,2.02,0.28,0.001,0.015,0.0002,0.0765,0.007,57,66,216,650,57.9359,2.2553,178
5,0.066,0.63,1.73,0.029,0.024,13.16,17.07,2.34,0.13,0.055,0.095,0.002,0.028,0.01,68,64,137,700,65.3684,2.3982,179.4
16,0.05,0.74,1.74,0.035,0.006,11.19,17.6,2.32,0.28,0.014,0.005,0.0007,0.023,0.03,75,76,137,700,59.6453,2.2273,183.4
15,0.06,0.74,1.7,0.038,0.011,13.04,17.31,2.56,0.3,0.011,0.005,0.0011,0.0192,0.04,76,79,137,700,67.3807,2.2273,184.2
18,0.012,0.56,0.81,0.024,0.004,10.67,16.39,2.11,0.27,0.0006,0.011,0.001,0.081,0.001,88,78,147,700,58.7002,2.2541,184.5
7,0.06,0.52,1.6,0.025,0.007,13.3,16.7,2.25,0.24,0.06,0.02,0.0008,0.0318,0.01,64,82,196,650,65.2279,2.2918,186.2
2,0.05,0.71,1.52,0.022,0.013,13.5,17.5,2.28,0.17,0.055,0.027,0.0013,0.035,0.02,98,83,88,750,64.2349,2.3236,187.4
3,0.058,0.58,1.56,0.027,0.008,13.65,16.86,2.14,0.17,0.028,0.041,0.0009,0.025,0.01,41,43,265,600,63.5551,2.5349,188.2
17,0.012,0.55,0.87,0.025,0.005,11.22,16.79,2.02,0.28,0.001,0.015,0.0002,0.0765,0.007,42,64,363,550,57.9359,2.3351,190.4
9,0.06,0.46,1.49,0.032,0.026,12.48,17.43,2.49,0.15,0.009,0.025,0.0008,0.0189,0.04,112,86,88,750,66.7895,2.1851,194.3
2,0.05,0.71,1.52,0.022,0.013,13.5,17.5,2.28,0.17,0.055,0.027,0.0013,0.035,0.02,31,35,265,600,64.2349,2.4643,207.4
17,0.012,0.55,0.87,0.025,0.005,11.22,16.79,2.02,0.28,0.001,0.015,0.0002,0.0765,0.007,49,64,284,600,57.9359,2.4670,207.5
16,0.05,0.74,1.74,0.035,0.006,11.19,17.6,2.32,0.28,0.014,0.005,0.0007,0.023,0.03,48,67,196,650,59.6453,2.3892,210.6
18,0.012,0.56,0.81,0.024,0.004,10.67,16.39,2.11,0.27,0.0006,0.011,0.001,0.081,0.001,53,64,284,600,58.7002,2.3624,214.8
4,0.078,0.62,1.6,0.021,0.008,13.51,16.9,2.08,0.16,0.037,0.031,0.001,0.028,0.01,36,55,108,750,62.6117,2.4028,216
0,0.06,0.59,1.69,0.024,0.017,13.32,16.73,2.38,0.07,0.011,0.015,0.001,0.03,0.02,37,39,265,600,66.7612,2.4724,217.4
9,0.06,0.46,1.49,0.032,0.026,12.48,17.43,2.49,0.15,0.009,0.025,0.0008,0.0189,0.04,54,75,196,650,66.7895,2.0924,218.1
5,0.066,0.63,1.73,0.029,0.024,13.16,17.07,2.34,0.13,0.055,0.095,0.002,0.028,0.01,33,33,88,750,65.3684,2.3414,218.2
19,0.011,0.57,0.84,0.025,0.003,11.14,16.85,2.25,0.27,0.001,0.006,0.0002,0.0751,0.004,45,73,196,650,61.1435,2.3404,219
0,0.06,0.59,1.69,0.024,0.017,13.32,16.73,2.38,0.07,0.011,0.015,0.001,0.03,0.02,91,76,88,750,66.7612,2.3700,223.4
18,0.012,0.56,0.81,0.024,0.004,10.67,16.39,2.11,0.27,0.0006,0.011,0.001,0.081,0.001,48,66,373,550,58.7002,2.5258,225.4
6,0.07,0.61,1.65,0.025,0.007,13.6,16.6,2.33,0.26,0.043,0.017,0.0011,0.025,0.01,72,84,88,750,66.6471,2.2949,234
6,0.07,0.61,1.65,0.025,0.007,13.6,16.6,2.33,0.26,0.043,0.017,0.0011,0.025,0.01,98,79,88,750,66.6471,2.2949,234.8
8,0.06,0.52,1.58,0.025,0.007,13.6,16.6,2.31,0.26,0.029,0.021,0.0007,0.0224,0.01,45,62,265,600,66.6248,2.5266,238.9
16,0.05,0.74,1.74,0.035,0.006,11.19,17.6,2.32,0.28,0.014,0.005,0.0007,0.023,0.03,28,16,265,600,59.6453,2.3369,243
8,0.06,0.52,1.58,0.025,0.007,13.6,16.6,2.31,0.26,0.029,0.021,0.0007,0.0224,0.01,85,81,88,750,66.6248,2.3199,252.2
5,0.066,0.63,1.73,0.029,0.024,13.16,17.07,2.34,0.13,0.055,0.095,0.002,0.028,0.01,62,78,196,650,65.3684,2.2293,254
12,0.07,0.58,1.67,0.027,0.011,10.42,17.3,2.37,0.17,0.047,0.03,0.0007,0.029,0.03,24,18,265,600,60.6679,2.4991,254.5
3,0.058,0.58,1.56,0.027,0.008,13.65,16.86,2.14,0.17,0.028,0.041,0.0009,0.025,0.01,65,70,88,750,63.5551,2.5992,265.8
7,0.06,0.52,1.6,0.025,0.007,13.3,16.7,2.25,0.24,0.06,0.02,0.0008,0.0318,0.01,93,85,88,750,65.2279,2.4043,269
11,0.07,0.81,1.75,0.026,0.01,10.28,16.97,2.44,0.15,0.044,0.04,0.0016,0.0241,0.04,27,24,265,600,60.2786,2.4991,269.7
17,0.012,0.55,0.87,0.025,0.005,11.22,16.79,2.02,0.28,0.001,0.015,0.0002,0.0765,0.007,109,81,88,750,57.9359,2.5341,275
4,0.078,0.62,1.6,0.021,0.008,13.51,16.9,2.08,0.16,0.037,0.031,0.001,0.028,0.01,49,51,137,700,62.6117,2.4025,287.5
18,0.012,0.56,0.81,0.024,0.004,10.67,16.39,2.11,0.27,0.0006,0.011,0.001,0.081,0.001,149,85,88,750,58.7002,2.5250,291.4
7,0.06,0.52,1.6,0.025,0.007,13.3,16.7,2.25,0.24,0.06,0.02,0.0008,0.0318,0.01,42,47,265,600,65.2279,2.6614,307.2
6,0.07,0.61,1.65,0.025,0.007,13.6,16.6,2.33,0.26,0.043,0.017,0.0011,0.025,0.01,56,57,265,600,66.6471,2.6596,321.1
14,0.07,0.61,1.41,0.026,0.007,12.18,16.97,2.25,0.34,0.018,0.006,0.0008,0.0218,0.03,56,41,53,800,62.3719,2.5211,342.5
4,0.078,0.62,1.6,0.021,0.008,13.51,16.9,2.08,0.16,0.037,0.031,0.001,0.028,0.01,29,38,265,600,62.6117,2.5321,364.4
10,0.07,0.73,1.62,0.029,0.019,11.92,16.97,2.45,0.14,0.009,0.022,0.0013,0.0159,0.04,42,54,265,600,64.0064,2.4991,366.1
1,0.05,0.52,1.51,0.021,0.01,13.21,16.42,2.34,0.14,0.011,0.018,0.0005,0.034,0.01,54,55,235,600,66.6025,2.6172,373.8
15,0.06,0.74,1.7,0.038,0.011,13.04,17.31,2.56,0.3,0.011,0.005,0.0011,0.0192,0.04,100,73,53,800,67.3807,2.6333,388.4
12,0.07,0.58,1.67,0.027,0.011,10.42,17.3,2.37,0.17,0.047,0.03,0.0007,0.029,0.03,46,40,53,800,60.6679,2.5211,389.6
10,0.07,0.73,1.62,0.029,0.019,11.92,16.97,2.45,0.14,0.009,0.022,0.0013,0.0159,0.04,99,70,53,800,64.0064,2.5211,390.6
9,0.06,0.46,1.49,0.032,0.026,12.48,17.43,2.49,0.15,0.009,0.025,0.0008,0.0189,0.04,49,56,265,600,66.7895,2.4991,400.2
11,0.07,0.81,1.75,0.026,0.01,10.28,16.97,2.44,0.15,0.044,0.04,0.0016,0.0241,0.04,68,53,53,800,60.2786,2.5211,407.2
16,0.05,0.74,1.74,0.035,0.006,11.19,17.6,2.32,0.28,0.014,0.005,0.0007,0.023,0.03,82,60,53,800,59.6453,2.6102,409
14,0.07,0.61,1.41,0.026,0.007,12.18,16.97,2.25,0.34,0.018,0.006,0.0008,0.0218,0.03,75,63,108,700,62.3719,2.7432,417.6
10,0.07,0.73,1.62,0.029,0.019,11.92,16.97,2.45,0.14,0.009,0.022,0.0013,0.0159,0.04,127,82,108,700,64.0064,2.7611,425.1
17,0.012,0.55,0.87,0.025,0.005,11.22,16.79,2.02,0.28,0.001,0.015,0.0002,0.0765,0.007,65,70,127,700,57.9359,2.6571,428
13,0.08,0.67,1.44,0.026,0.009,12.3,17.11,2.31,0.35,0.013,0.006,0.001,0.0186,0.04,96,67,108,700,63.2041,2.7432,433
18,0.012,0.56,0.81,0.024,0.004,10.67,16.39,2.11,0.27,0.0006,0.011,0.001,0.081,0.001,112,81,127,700,58.7002,2.6837,437.5
13,0.08,0.67,1.44,0.026,0.009,12.3,17.11,2.31,0.35,0.013,0.006,0.001,0.0186,0.04,83,62,53,800,63.2041,2.5211,447.7
9,0.06,0.46,1.49,0.032,0.026,12.48,17.43,2.49,0.15,0.009,0.025,0.0008,0.0189,0.04,123,73,53,800,66.7895,2.5211,457.7
1,0.05,0.52,1.51,0.021,0.01,13.21,16.42,2.34,0.14,0.011,0.018,0.0005,0.034,0.01,85,80,108,700,66.6025,2.7436,468.7
12,0.07,0.58,1.67,0.027,0.011,10.42,17.3,2.37,0.17,0.047,0.03,0.0007,0.029,0.03,72,59,108,700,60.6679,2.7432,469.8
1,0.05,0.52,1.51,0.021,0.01,13.21,16.42,2.34,0.14,0.011,0.018,0.0005,0.034,0.01,88,75,157,650,66.6025,2.7658,495.8
11,0.07,0.81,1.75,0.026,0.01,10.28,16.97,2.44,0.15,0.044,0.04,0.0016,0.0241,0.04,78,66,108,700,60.2786,2.7432,498
16,0.05,0.74,1.74,0.035,0.006,11.19,17.6,2.32,0.28,0.014,0.005,0.0007,0.023,0.03,46,49,108,700,59.6453,2.8549,511.8
19,0.011,0.57,0.84,0.025,0.003,11.14,16.85,2.25,0.27,0.001,0.006,0.0002,0.0751,0.004,49,70,353,550,61.1435,2.8596,514
9,0.06,0.46,1.49,0.032,0.026,12.48,17.43,2.49,0.15,0.009,0.025,0.0008,0.0189,0.04,112,81,108,700,66.7895,2.7432,535.6
5,0.066,0.63,1.73,0.029,0.024,13.16,17.07,2.34,0.13,0.055,0.095,0.002,0.028,0.01,46,67,265,600,65.3684,2.8574,547.1
12,0.07,0.58,1.67,0.027,0.011,10.42,17.3,2.37,0.17,0.047,0.03,0.0007,0.029,0.03,47,55,69,750,60.6679,2.7584,555.4
15,0.06,0.74,1.7,0.038,0.011,13.04,17.31,2.56,0.3,0.011,0.005,0.0011,0.0192,0.04,68,68,33,850,67.3807,2.7359,564.5
18,0.012,0.56,0.81,0.024,0.004,10.67,16.39,2.11,0.27,0.0006,0.011,0.001,0.081,0.001,77,77,186,650,58.7002,2.7816,574.8
10,0.07,0.73,1.62,0.029,0.019,11.92,16.97,2.45,0.14,0.009,0.022,0.0013,0.0159,0.04,123,78,69,750,64.0064,2.7584,576.5
12,0.07,0.58,1.67,0.027,0.011,10.42,17.3,2.37,0.17,0.047,0.03,0.0007,0.029,0.03,41,35,33,850,60.6679,2.8498,578.4
8,0.06,0.52,1.58,0.025,0.007,13.6,16.6,2.31,0.26,0.029,0.021,0.0007,0.0224,0.01,76,82,108,700,66.6248,2.8524,586.7
6,0.07,0.61,1.65,0.025,0.007,13.6,16.6,2.33,0.26,0.043,0.017,0.0011,0.025,0.01,98,84,108,700,66.6471,2.8398,592
5,0.066,0.63,1.73,0.029,0.024,13.16,17.07,2.34,0.13,0.055,0.095,0.002,0.028,0.01,56,74,177,650,65.3684,2.6173,615
14,0.07,0.61,1.41,0.026,0.007,12.18,16.97,2.25,0.34,0.018,0.006,0.0008,0.0218,0.03,54,43,69,750,62.3719,2.7584,615.4
18,0.012,0.56,0.81,0.024,0.004,10.67,16.39,2.11,0.27,0.0006,0.011,0.001,0.081,0.001,66,55,265,600,58.7002,2.7434,623
11,0.07,0.81,1.75,0.026,0.01,10.28,16.97,2.44,0.15,0.044,0.04,0.0016,0.0241,0.04,38,48,33,850,60.2786,2.8498,623.4
2,0.05,0.71,1.52,0.022,0.013,13.5,17.5,2.28,0.17,0.055,0.027,0.0013,0.035,0.02,78,77,108,700,64.2349,2.9221,624.2
6,0.07,0.61,1.65,0.025,0.007,13.6,16.6,2.33,0.26,0.043,0.017,0.0011,0.025,0.01,66,82,108,700,66.6471,2.8398,624.4
0,0.06,0.59,1.69,0.024,0.017,13.32,16.73,2.38,0.07,0.011,0.015,0.001,0.03,0.02,70,67,108,700,66.7612,2.8825,625.5
16,0.05,0.74,1.74,0.035,0.006,11.19,17.6,2.32,0.28,0.014,0.005,0.0007,0.023,0.03,64,52,33,850,59.6453,2.7916,625.7
18,0.012,0.56,0.81,0.024,0.004,10.67,16.39,2.11,0.27,0.0006,0.011,0.001,0.081,0.001,44,60,363,550,58.7002,2.7186,633.3
13,0.08,0.67,1.44,0.026,0.009,12.3,17.11,2.31,0.35,0.013,0.006,0.001,0.0186,0.04,93,73,69,750,63.2041,2.7584,640.5
16,0.05,0.74,1.74,0.035,0.006,11.19,17.6,2.32,0.28,0.014,0.005,0.0007,0.023,0.03,63,49,69,750,59.6453,2.7510,644.1
11,0.07,0.81,1.75,0.026,0.01,10.28,16.97,2.44,0.15,0.044,0.04,0.0016,0.0241,0.04,63,50,69,750,60.2786,2.7584,656.4
3,0.058,0.58,1.56,0.027,0.008,13.65,16.86,2.14,0.17,0.028,0.041,0.0009,0.025,0.01,42,61,235,600,63.5551,2.9096,658
18,0.012,0.56,0.81,0.024,0.004,10.67,16.39,2.11,0.27,0.0006,0.011,0.001,0.081,0.001,62,67,265,600,58.7002,2.7434,659.4
9,0.06,0.46,1.49,0.032,0.026,12.48,17.43,2.49,0.15,0.009,0.025,0.0008,0.0189,0.04,59,48,33,850,66.7895,2.8498,661.6
15,0.06,0.74,1.7,0.038,0.011,13.04,17.31,2.56,0.3,0.011,0.005,0.0011,0.0192,0.04,88,79,69,750,67.3807,2.7510,679.6
14,0.07,0.61,1.41,0.026,0.007,12.18,16.97,2.25,0.34,0.018,0.006,0.0008,0.0218,0.03,19,15,235,600,62.3719,3.0517,680.6
3,0.058,0.58,1.56,0.027,0.008,13.65,16.86,2.14,0.17,0.028,0.041,0.0009,0.025,0.01,53,56,157,650,63.5551,2.9763,703.6
4,0.078,0.62,1.6,0.021,0.008,13.51,16.9,2.08,0.16,0.037,0.031,0.001,0.028,0.01,24,30,88,750,62.6117,2.9111,703.9
8,0.06,0.52,1.58,0.025,0.007,13.6,16.6,2.31,0.26,0.029,0.021,0.0007,0.0224,0.01,51,72,235,600,66.6248,2.9258,713.4
10,0.07,0.73,1.62,0.029,0.019,11.92,16.97,2.45,0.14,0.009,0.022,0.0013,0.0159,0.04,81,54,33,850,64.0064,2.8498,718.5
16,0.05,0.74,1.74,0.035,0.006,11.19,17.6,2.32,0.28,0.014,0.005,0.0007,0.023,0.03,28,43,137,675,59.6453,2.8798,758.3
7,0.06,0.52,1.6,0.025,0.007,13.3,16.7,2.25,0.24,0.06,0.02,0.0008,0.0318,0.01,76,86,108,700,65.2279,2.9759,759.2
6,0.07,0.61,1.65,0.025,0.007,13.6,16.6,2.33,0.26,0.043,0.017,0.0011,0.025,0.01,79,82,157,650,66.6471,2.9166,761.5
14,0.07,0.61,1.41,0.026,0.007,12.18,16.97,2.25,0.34,0.018,0.006,0.0008,0.0218,0.03,42,40,33,850,62.3719,2.8498,764.1
2,0.05,0.71,1.52,0.022,0.013,13.5,17.5,2.28,0.17,0.055,0.027,0.0013,0.035,0.02,49,59,235,600,64.2349,2.9820,777.2
5,0.066,0.63,1.73,0.029,0.024,13.16,17.07,2.34,0.13,0.055,0.095,0.002,0.028,0.01,24,23,108,700,65.3684,2.9373,787.2
9,0.06,0.46,1.49,0.032,0.026,12.48,17.43,2.49,0.15,0.009,0.025,0.0008,0.0189,0.04,80,79,69,750,66.7895,2.7584,802.2
13,0.08,0.67,1.44,0.026,0.009,12.3,17.11,2.31,0.35,0.013,0.006,0.001,0.0186,0.04,20,16,235,600,63.2041,3.0517,804.7
6,0.07,0.61,1.65,0.025,0.007,13.6,16.6,2.33,0.26,0.043,0.017,0.0011,0.025,0.01,54,83,157,650,66.6471,2.9166,811.4
0,0.06,0.59,1.69,0.024,0.017,13.32,16.73,2.38,0.07,0.011,0.015,0.001,0.03,0.02,45,52,235,600,66.7612,2.9213,811.4
11,0.07,0.81,1.75,0.026,0.01,10.28,16.97,2.44,0.15,0.044,0.04,0.0016,0.0241,0.04,18,15,235,600,60.2786,3.0517,824.6
5,0.066,0.63,1.73,0.029,0.024,13.16,17.07,2.34,0.13,0.055,0.095,0.002,0.028,0.01,9,12,69,750,65.3684,2.7178,825.2
8,0.06,0.52,1.58,0.025,0.007,13.6,16.6,2.31,0.26,0.029,0.021,0.0007,0.0224,0.01,79,80,157,650,66.6248,2.9082,825.7
0,0.06,0.59,1.69,0.024,0.017,13.32,16.73,2.38,0.07,0.011,0.015,0.001,0.03,0.02,55,72,157,650,66.7612,2.9364,857
1,0.05,0.52,1.51,0.021,0.01,13.21,16.42,2.34,0.14,0.011,0.018,0.0005,0.034,0.01,75,71,69,750,66.6025,2.8898,865
1,0.05,0.52,1.51,0.021,0.01,13.21,16.42,2.34,0.14,0.011,0.018,0.0005,0.034,0.01,48,61,216,600,66.6025,2.9809,868.5
10,0.07,0.73,1.62,0.029,0.019,11.92,16.97,2.45,0.14,0.009,0.022,0.0013,0.0159,0.04,26,28,235,600,64.0064,3.0517,870.9
1,0.05,0.52,1.51,0.021,0.01,13.21,16.42,2.34,0.14,0.011,0.018,0.0005,0.034,0.01,47,62,216,600,66.6025,2.9809,887.7
15,0.06,0.74,1.7,0.038,0.011,13.04,17.31,2.56,0.3,0.011,0.005,0.0011,0.0192,0.04,64,79,108,700,67.3807,2.8549,888.5
3,0.058,0.58,1.56,0.027,0.008,13.65,16.86,2.14,0.17,0.028,0.041,0.0009,0.025,0.01,39,50,108,700,63.5551,3.0293,923.2
6,0.07,0.61,1.65,0.025,0.007,13.6,16.6,2.33,0.26,0.043,0.017,0.0011,0.025,0.01,44,70,235,600,66.6471,3.0128,925.4
4,0.078,0.62,1.6,0.021,0.008,13.51,16.9,2.08,0.16,0.037,0.031,0.001,0.028,0.01,36,46,157,650,62.6117,3.1618,1009.9
12,0.07,0.58,1.67,0.027,0.011,10.42,17.3,2.37,0.17,0.047,0.03,0.0007,0.029,0.03,43,35,41,800,60.6679,3.1029,1010
4,0.078,0.62,1.6,0.021,0.008,13.51,16.9,2.08,0.16,0.037,0.031,0.001,0.028,0.01,35,46,235,600,62.6117,3.0528,1013.7
2,0.05,0.71,1.52,0.022,0.013,13.5,17.5,2.28,0.17,0.055,0.027,0.0013,0.035,0.02,65,66,69,750,64.2349,2.8996,1015
7,0.06,0.52,1.6,0.025,0.007,13.3,16.7,2.25,0.24,0.06,0.02,0.0008,0.0318,0.01,47,75,235,600,65.2279,3.0929,1027.1
12,0.07,0.58,1.67,0.027,0.011,10.42,17.3,2.37,0.17,0.047,0.03,0.0007,0.029,0.03,28,37,235,600,60.6679,3.0517,1033
8,0.06,0.52,1.58,0.025,0.007,13.6,16.6,2.31,0.26,0.029,0.021,0.0007,0.0224,0.01,98,72,69,750,66.6248,3.0428,1036.2
15,0.06,0.74,1.7,0.038,0.011,13.04,17.31,2.56,0.3,0.011,0.005,0.0011,0.0192,0.04,34,41,235,600,67.3807,3.2151,1036.8
6,0.07,0.61,1.65,0.025,0.007,13.6,16.6,2.33,0.26,0.043,0.017,0.0011,0.025,0.01,80,79,69,750,66.6471,3.0916,1048.9
16,0.05,0.74,1.74,0.035,0.006,11.19,17.6,2.32,0.28,0.014,0.005,0.0007,0.023,0.03,39,39,235,600,59.6453,3.2151,1049.5
0,0.06,0.59,1.69,0.024,0.017,13.32,16.73,2.38,0.07,0.011,0.015,0.001,0.03,0.02,29,28,69,750,66.7612,3.0000,1081.9
19,0.011,0.57,0.84,0.025,0.003,11.14,16.85,2.25,0.27,0.001,0.006,0.0002,0.0751,0.004,41,62,353,550,61.1435,2.8596,1090.7
3,0.058,0.58,1.56,0.027,0.008,13.65,16.86,2.14,0.17,0.028,0.041,0.0009,0.025,0.01,13,25,69,750,63.5551,3.0454,1122.4
18,0.012,0.56,0.81,0.024,0.004,10.67,16.39,2.11,0.27,0.0006,0.011,0.001,0.081,0.001,91,74,69,750,58.7002,3.0798,1157.8
18,0.012,0.56,0.81,0.024,0.004,10.67,16.39,2.11,0.27,0.0006,0.011,0.001,0.081,0.001,49,56,255,600,58.7002,3.0382,1164
17,0.012,0.55,0.87,0.025,0.005,11.22,16.79,2.02,0.28,0.001,0.015,0.0002,0.0765,0.007,98,60,69,750,57.9359,3.1186,1192.2
14,0.07,0.61,1.41,0.026,0.007,12.18,16.97,2.25,0.34,0.018,0.006,0.0008,0.0218,0.03,43,36,88,700,62.3719,3.2268,1217.4
14,0.07,0.61,1.41,0.026,0.007,12.18,16.97,2.25,0.34,0.018,0.006,0.0008,0.0218,0.03,31,30,41,800,62.3719,3.1029,1221.7
17,0.012,0.55,0.87,0.025,0.005,11.22,16.79,2.02,0.28,0.001,0.015,0.0002,0.0765,0.007,51,68,186,650,57.9359,3.0805,1223
18,0.012,0.56,0.81,0.024,0.004,10.67,16.39,2.11,0.27,0.0006,0.011,0.001,0.081,0.001,109,80,108,700,58.7002,3.0981,1239.2
10,0.07,0.73,1.62,0.029,0.019,11.92,16.97,2.45,0.14,0.009,0.022,0.0013,0.0159,0.04,69,51,41,800,64.0064,3.1029,1239.4
15,0.06,0.74,1.7,0.038,0.011,13.04,17.31,2.56,0.3,0.011,0.005,0.0011,0.0192,0.04,75,60,41,800,67.3807,3.0737,1268.2
7,0.06,0.52,1.6,0.025,0.007,13.3,16.7,2.25,0.24,0.06,0.02,0.0008,0.0318,0.01,67,83,157,650,65.2279,3.1049,1295.3
12,0.07,0.58,1.67,0.027,0.011,10.42,17.3,2.37,0.17,0.047,0.03,0.0007,0.029,0.03,41,40,88,700,60.6679,3.2268,1304.8
7,0.06,0.52,1.6,0.025,0.007,13.3,16.7,2.25,0.24,0.06,0.02,0.0008,0.0318,0.01,67,78,69,750,65.2279,3.0765,1317.6
17,0.012,0.55,0.87,0.025,0.005,11.22,16.79,2.02,0.28,0.001,0.015,0.0002,0.0765,0.007,77,71,108,700,57.9359,3.0271,1319
11,0.07,0.81,1.75,0.026,0.01,10.28,16.97,2.44,0.15,0.044,0.04,0.0016,0.0241,0.04,59,45,41,800,60.2786,3.1029,1322.9
1,0.05,0.52,1.51,0.021,0.01,13.21,16.42,2.34,0.14,0.011,0.018,0.0005,0.034,0.01,78,64,137,650,66.6025,3.2314,1335.9
15,0.06,0.74,1.7,0.038,0.011,13.04,17.31,2.56,0.3,0.011,0.005,0.0011,0.0192,0.04,74,74,26,850,67.3807,3.1539,1337.8
19,0.011,0.57,0.84,0.025,0.003,11.14,16.85,2.25,0.27,0.001,0.006,0.0002,0.0751,0.004,55,76,176,650,61.1435,3.1323,1356.1
13,0.08,0.67,1.44,0.026,0.009,12.3,17.11,2.31,0.35,0.013,0.006,0.001,0.0186,0.04,52,47,41,800,63.2041,3.1029,1358.1
13,0.08,0.67,1.44,0.026,0.009,12.3,17.11,2.31,0.35,0.013,0.006,0.001,0.0186,0.04,44,43,88,700,63.2041,3.2268,1359.3
5,0.066,0.63,1.73,0.029,0.024,13.16,17.07,2.34,0.13,0.055,0.095,0.002,0.028,0.01,56,54,157,650,65.3684,3.1945,1369.4
10,0.07,0.73,1.62,0.029,0.019,11.92,16.97,2.45,0.14,0.009,0.022,0.0013,0.0159,0.04,78,66,88,700,64.0064,3.2360,1370.5
14,0.07,0.61,1.41,0.026,0.007,12.18,16.97,2.25,0.34,0.018,0.006,0.0008,0.0218,0.03,40,41,137,650,62.3719,3.3366,1425
9,0.06,0.46,1.49,0.032,0.026,12.48,17.43,2.49,0.15,0.009,0.025,0.0008,0.0189,0.04,67,57,41,800,66.7895,3.1029,1440
16,0.05,0.74,1.74,0.035,0.006,11.19,17.6,2.32,0.28,0.014,0.005,0.0007,0.023,0.03,38,38,41,800,59.6453,3.1613,1460.1
11,0.07,0.81,1.75,0.026,0.01,10.28,16.97,2.44,0.15,0.044,0.04,0.0016,0.0241,0.04,48,45,88,700,60.2786,3.2268,1485.1
16,0.05,0.74,1.74,0.035,0.006,11.19,17.6,2.32,0.28,0.014,0.005,0.0007,0.023,0.03,34,37,88,700,59.6453,3.3371,1500.4
4,0.078,0.62,1.6,0.021,0.008,13.51,16.9,2.08,0.16,0.037,0.031,0.001,0.028,0.01,20,27,108,700,62.6117,3.2942,1507.3
13,0.08,0.67,1.44,0.026,0.009,12.3,17.11,2.31,0.35,0.013,0.006,0.001,0.0186,0.04,45,46,137,650,63.2041,3.3366,1545.4
12,0.07,0.58,1.67,0.027,0.011,10.42,17.3,2.37,0.17,0.047,0.03,0.0007,0.029,0.03,28,31,26,850,60.6679,3.4226,1598.8
2,0.05,0.71,1.52,0.022,0.013,13.5,17.5,2.28,0.17,0.055,0.027,0.0013,0.035,0.02,77,77,157,650,64.2349,3.0456,1600.8
5,0.066,0.63,1.73,0.029,0.024,13.16,17.07,2.34,0.13,0.055,0.095,0.002,0.028,0.01,5,6,53,750,65.3684,3.1008,1620
10,0.07,0.73,1.62,0.029,0.019,11.92,16.97,2.45,0.14,0.009,0.022,0.0013,0.0159,0.04,56,43,26,850,64.0064,3.4226,1622.7
1,0.05,0.52,1.51,0.021,0.01,13.21,16.42,2.34,0.14,0.011,0.018,0.0005,0.034,0.01,87,73,88,700,66.6025,3.3292,1636.2
9,0.06,0.46,1.49,0.032,0.026,12.48,17.43,2.49,0.15,0.009,0.025,0.0008,0.0189,0.04,68,68,88,700,66.7895,3.2268,1684.6
5,0.066,0.63,1.73,0.029,0.024,13.16,17.07,2.34,0.13,0.055,0.095,0.002,0.028,0.01,6,7,53,750,65.3684,3.1008,1687.4
18,0.012,0.56,0.81,0.024,0.004,10.67,16.39,2.11,0.27,0.0006,0.011,0.001,0.081,0.001,92,75,167,650,58.7002,3.1953,1694
5,0.066,0.63,1.73,0.029,0.024,13.16,17.07,2.34,0.13,0.055,0.095,0.002,0.028,0.01,7,7,53,750,65.3684,3.1008,1702.3
0,0.06,0.59,1.69,0.024,0.017,13.32,16.73,2.38,0.07,0.011,0.015,0.001,0.03,0.02,40,57,216,600,66.7612,3.2260,1704.9
3,0.058,0.58,1.56,0.027,0.008,13.65,16.86,2.14,0.17,0.028,0.041,0.0009,0.025,0.01,34,52,216,600,63.5551,3.2149,1722.7
12,0.07,0.58,1.67,0.027,0.011,10.42,17.3,2.37,0.17,0.047,0.03,0.0007,0.029,0.03,45,36,53,750,60.6679,3.3399,1724.7
8,0.06,0.52,1.58,0.025,0.007,13.6,16.6,2.31,0.26,0.029,0.021,0.0007,0.0224,0.01,47,72,216,600,66.6248,3.2194,1734
5,0.066,0.63,1.73,0.029,0.024,13.16,17.07,2.34,0.13,0.055,0.095,0.002,0.028,0.01,36,66,235,600,65.3684,3.2746,1754.9
0,0.06,0.59,1.69,0.024,0.017,13.32,16.73,2.38,0.07,0.011,0.015,0.001,0.03,0.02,75,68,137,650,66.7612,3.3768,1770.6
8,0.06,0.52,1.58,0.025,0.007,13.6,16.6,2.31,0.26,0.029,0.021,0.0007,0.0224,0.01,68,75,137,650,66.6248,3.3605,1785
1,0.05,0.52,1.51,0.021,0.01,13.21,16.42,2.34,0.14,0.011,0.018,0.0005,0.034,0.01,83,73,88,700,66.6025,3.3292,1796.7
18,0.012,0.56,0.81,0.024,0.004,10.67,16.39,2.11,0.27,0.0006,0.011,0.001,0.081,0.001,38,50,343,550,58.7002,3.1208,1826
13,0.08,0.67,1.44,0.026,0.009,12.3,17.11,2.31,0.35,0.013,0.006,0.001,0.0186,0.04,44,42,33,850,63.2041,2.8498,1839.2
17,0.012,0.55,0.87,0.025,0.005,11.22,16.79,2.02,0.28,0.001,0.015,0.0002,0.0765,0.007,42,55,255,600,57.9359,3.3084,1840.9
9,0.06,0.46,1.49,0.032,0.026,12.48,17.43,2.49,0.15,0.009,0.025,0.0008,0.0189,0.04,38,44,235,600,66.7895,3.0517,1930.4
11,0.07,0.81,1.75,0.026,0.01,10.28,16.97,2.44,0.15,0.044,0.04,0.0016,0.0241,0.04,45,54,137,650,60.2786,3.3366,1933.1
9,0.06,0.46,1.49,0.032,0.026,12.48,17.43,2.49,0.15,0.009,0.025,0.0008,0.0189,0.04,55,34,26,850,66.7895,3.4226,1936.8
6,0.07,0.61,1.65,0.025,0.007,13.6,16.6,2.33,0.26,0.043,0.017,0.0011,0.025,0.01,42,72,216,600,66.6471,3.2706,1977.2
16,0.05,0.74,1.74,0.035,0.006,11.19,17.6,2.32,0.28,0.014,0.005,0.0007,0.023,0.03,26,42,157,650,59.6453,3.2254,1998.4
5,0.066,0.63,1.73,0.029,0.024,13.16,17.07,2.34,0.13,0.055,0.095,0.002,0.028,0.01,5,1,53,750,65.3684,3.1008,2046.7
5,0.066,0.63,1.73,0.029,0.024,13.16,17.07,2.34,0.13,0.055,0.095,0.002,0.028,0.01,8,13,88,700,65.3684,3.2896,2091.1
14,0.07,0.61,1.41,0.026,0.007,12.18,16.97,2.25,0.34,0.018,0.006,0.0008,0.0218,0.03,30,26,53,750,62.3719,3.3399,2094.6
6,0.07,0.61,1.65,0.025,0.007,13.6,16.6,2.33,0.26,0.043,0.017,0.0011,0.025,0.01,59,79,137,650,66.6471,3.3544,2127.1
11,0.07,0.81,1.75,0.026,0.01,10.28,16.97,2.44,0.15,0.044,0.04,0.0016,0.0241,0.04,39,39,26,850,60.2786,3.4226,2130.4
11,0.07,0.81,1.75,0.026,0.01,10.28,16.97,2.44,0.15,0.044,0.04,0.0016,0.0241,0.04,52,43,53,750,60.2786,3.3399,2137.3
16,0.05,0.74,1.74,0.035,0.006,11.19,17.6,2.32,0.28,0.014,0.005,0.0007,0.023,0.03,42,34,26,850,59.6453,3.3391,2138.7
3,0.058,0.58,1.56,0.027,0.008,13.65,16.86,2.14,0.17,0.028,0.041,0.0009,0.025,0.01,33,44,137,650,63.5551,3.5113,2141
10,0.07,0.73,1.62,0.029,0.019,11.92,16.97,2.45,0.14,0.009,0.022,0.0013,0.0159,0.04,62,73,137,650,64.0064,3.3366,2141.1
2,0.05,0.71,1.52,0.022,0.013,13.5,17.5,2.28,0.17,0.055,0.027,0.0013,0.035,0.02,37,61,216,600,64.2349,3.3275,2167.3
0,0.06,0.59,1.69,0.024,0.017,13.32,16.73,2.38,0.07,0.011,0.015,0.001,0.03,0.02,44,45,88,700,66.7612,3.4479,2169.7
18,0.012,0.56,0.81,0.024,0.004,10.67,16.39,2.11,0.27,0.0006,0.011,0.001,0.081,0.001,39,51,333,550,58.7002,3.3308,2177
5,0.066,0.63,1.73,0.029,0.024,13.16,17.07,2.34,0.13,0.055,0.095,0.002,0.028,0.01,8,12,88,700,65.3684,3.2896,2193.6
12,0.07,0.58,1.67,0.027,0.011,10.42,17.3,2.37,0.17,0.047,0.03,0.0007,0.029,0.03,37,43,137,650,60.6679,3.3366,2266.8
12,0.07,0.58,1.67,0.027,0.011,10.42,17.3,2.37,0.17,0.047,0.03,0.0007,0.029,0.03,35,33,78,700,60.6679,3.4823,2285.6
4,0.078,0.62,1.6,0.021,0.008,13.51,16.9,2.08,0.16,0.037,0.031,0.001,0.028,0.01,39,37,216,600,62.6117,3.3858,2309.4
6,0.07,0.61,1.65,0.025,0.007,13.6,16.6,2.33,0.26,0.043,0.017,0.0011,0.025,0.01,70,72,88,700,66.6471,3.5004,2357
14,0.07,0.61,1.41,0.026,0.007,12.18,16.97,2.25,0.34,0.018,0.006,0.0008,0.0218,0.03,31,30,26,850,62.3719,3.4226,2382
2,0.05,0.71,1.52,0.022,0.013,13.5,17.5,2.28,0.17,0.055,0.027,0.0013,0.035,0.02,69,64,88,700,64.2349,3.4136,2406.2
6,0.07,0.61,1.65,0.025,0.007,13.6,16.6,2.33,0.26,0.043,0.017,0.0011,0.025,0.01,62,76,216,600,66.6471,3.2706,2444.5
15,0.06,0.74,1.7,0.038,0.011,13.04,17.31,2.56,0.3,0.011,0.005,0.0011,0.0192,0.04,47,56,157,650,67.3807,3.2254,2458.7
4,0.078,0.62,1.6,0.021,0.008,13.51,16.9,2.08,0.16,0.037,0.031,0.001,0.028,0.01,34,37,216,600,62.6117,3.3858,2482.3
6,0.07,0.61,1.65,0.025,0.007,13.6,16.6,2.33,0.26,0.043,0.017,0.0011,0.025,0.01,52,71,88,700,66.6471,3.5004,2495.1
10,0.07,0.73,1.62,0.029,0.019,11.92,16.97,2.45,0.14,0.009,0.022,0.0013,0.0159,0.04,98,63,78,700,64.0064,3.4856,2506.9
17,0.012,0.55,0.87,0.025,0.005,11.22,16.79,2.02,0.28,0.001,0.015,0.0002,0.0765,0.007,53,66,167,650,57.9359,3.4147,2575.7
14,0.07,0.61,1.41,0.026,0.007,12.18,16.97,2.25,0.34,0.018,0.006,0.0008,0.0218,0.03,35,30,78,700,62.3719,3.4823,2590.7
4,0.078,0.62,1.6,0.021,0.008,13.51,16.9,2.08,0.16,0.037,0.031,0.001,0.028,0.01,5,10,69,750,62.6117,3.3245,2622
15,0.06,0.74,1.7,0.038,0.011,13.04,17.31,2.56,0.3,0.011,0.005,0.0011,0.0192,0.04,70,73,88,700,67.3807,3.3371,2639
13,0.08,0.67,1.44,0.026,0.009,12.3,17.11,2.31,0.35,0.013,0.006,0.001,0.0186,0.04,52,44,53,750,63.2041,3.3399,2651.2
9,0.06,0.46,1.49,0.032,0.026,12.48,17.43,2.49,0.15,0.009,0.025,0.0008,0.0189,0.04,55,69,137,650,66.7895,3.3366,2661.5
8,0.06,0.52,1.58,0.025,0.007,13.6,16.6,2.31,0.26,0.029,0.021,0.0007,0.0224,0.01,62,51,88,700,66.6248,3.4564,2686.6
16,0.05,0.74,1.74,0.035,0.006,11.19,17.6,2.32,0.28,0.014,0.005,0.0007,0.023,0.03,35,34,53,750,59.6453,3.4394,2690.6
1,0.05,0.52,1.51,0.021,0.01,13.21,16.42,2.34,0.14,0.011,0.018,0.0005,0.034,0.01,53,66,196,600,66.6025,3.3632,2716.3
10,0.07,0.73,1.62,0.029,0.019,11.92,16.97,2.45,0.14,0.009,0.022,0.0013,0.0159,0.04,49,46,53,750,64.0064,3.3399,2725.8
15,0.06,0.74,1.7,0.038,0.011,13.04,17.31,2.56,0.3,0.011,0.005,0.0011,0.0192,0.04,73,62,53,750,67.3807,3.4394,2734.6
11,0.07,0.81,1.75,0.026,0.01,10.28,16.97,2.44,0.15,0.044,0.04,0.0016,0.0241,0.04,40,37,78,700,60.2786,3.4823,2759.4
3,0.058,0.58,1.56,0.027,0.008,13.65,16.86,2.14,0.17,0.028,0.041,0.0009,0.025,0.01,12,19,88,700,63.5551,3.5363,2775.4
2,0.05,0.71,1.52,0.022,0.013,13.5,17.5,2.28,0.17,0.055,0.027,0.0013,0.035,0.02,64,73,137,650,64.2349,3.4716,2819.6
12,0.07,0.58,1.67,0.027,0.011,10.42,17.3,2.37,0.17,0.047,0.03,0.0007,0.029,0.03,36,29,33,800,60.6679,3.5483,2823
13,0.08,0.67,1.44,0.026,0.009,12.3,17.11,2.31,0.35,0.013,0.006,0.001,0.0186,0.04,39,37,78,700,63.2041,3.4823,2872.2
13,0.08,0.67,1.44,0.026,0.009,12.3,17.11,2.31,0.35,0.013,0.006,0.001,0.0186,0.04,44,38,26,850,63.2041,3.4226,2911.8
7,0.06,0.52,1.6,0.025,0.007,13.3,16.7,2.25,0.24,0.06,0.02,0.0008,0.0318,0.01,53,62,88,700,65.2279,3.5377,2944.8
9,0.06,0.46,1.49,0.032,0.026,12.48,17.43,2.49,0.15,0.009,0.025,0.0008,0.0189,0.04,85,59,53,750,66.7895,3.3399,2979.4
7,0.06,0.52,1.6,0.025,0.007,13.3,16.7,2.25,0.24,0.06,0.02,0.0008,0.0318,0.01,57,78,137,650,65.2279,3.5326,3073.2
11,0.07,0.81,1.75,0.026,0.01,10.28,16.97,2.44,0.15,0.044,0.04,0.0016,0.0241,0.04,49,36,33,800,60.2786,3.5483,3109
15,0.06,0.74,1.7,0.038,0.011,13.04,17.31,2.56,0.3,0.011,0.005,0.0011,0.0192,0.04,57,51,33,800,67.3807,3.4461,3125.9
19,0.011,0.57,0.84,0.025,0.003,11.14,16.85,2.25,0.27,0.001,0.006,0.0002,0.0751,0.004,46,63,333,550,61.1435,3.6197,3216.8
16,0.05,0.74,1.74,0.035,0.006,11.19,17.6,2.32,0.28,0.014,0.005,0.0007,0.023,0.03,29,27,78,700,59.6453,3.6029,3283
10,0.07,0.73,1.62,0.029,0.019,11.92,16.97,2.45,0.14,0.009,0.022,0.0013,0.0159,0.04,56,37,33,800,64.0064,3.5483,3349.4
7,0.06,0.52,1.6,0.025,0.007,13.3,16.7,2.25,0.24,0.06,0.02,0.0008,0.0318,0.01,47,80,216,600,65.2279,3.4071,3417.5
18,0.012,0.56,0.81,0.024,0.004,10.67,16.39,2.11,0.27,0.0006,0.011,0.001,0.081,0.001,56,62,235,600,58.7002,3.6648,3438
9,0.06,0.46,1.49,0.032,0.026,12.48,17.43,2.49,0.15,0.009,0.025,0.0008,0.0189,0.04,86,69,78,700,66.7895,3.4823,3461
14,0.07,0.61,1.41,0.026,0.007,12.18,16.97,2.25,0.34,0.018,0.006,0.0008,0.0218,0.03,27,25,33,800,62.3719,3.5483,3463.8
4,0.078,0.62,1.6,0.021,0.008,13.51,16.9,2.08,0.16,0.037,0.031,0.001,0.028,0.01,17,22,137,650,62.6117,3.6315,3568.2
5,0.066,0.63,1.73,0.029,0.024,13.16,17.07,2.34,0.13,0.055,0.095,0.002,0.028,0.01,8,2,37,750,65.3684,3.5877,3581.9
16,0.05,0.74,1.74,0.035,0.006,11.19,17.6,2.32,0.28,0.014,0.005,0.0007,0.023,0.03,45,32,41,775,59.6453,3.5560,3597.5
5,0.066,0.63,1.73,0.029,0.024,13.16,17.07,2.34,0.13,0.055,0.095,0.002,0.028,0.01,9,3,41,750,65.3684,3.4523,3611.6
5,0.066,0.63,1.73,0.029,0.024,13.16,17.07,2.34,0.13,0.055,0.095,0.002,0.028,0.01,21,26,137,650,65.3684,3.6595,3760
18,0.012,0.56,0.81,0.024,0.004,10.67,16.39,2.11,0.27,0.0006,0.011,0.001,0.081,0.001,67,66,88,700,58.7002,3.5597,3858.3
18,0.012,0.56,0.81,0.024,0.004,10.67,16.39,2.11,0.27,0.0006,0.011,0.001,0.081,0.001,55,66,235,600,58.7002,3.6648,3873.8
17,0.012,0.55,0.87,0.025,0.005,11.22,16.79,2.02,0.28,0.001,0.015,0.0002,0.0765,0.007,41,53,333,550,57.9359,3.2543,3905.2
15,0.06,0.74,1.7,0.038,0.011,13.04,17.31,2.56,0.3,0.011,0.005,0.0011,0.0192,0.04,69,61,78,700,67.3807,3.6029,3957.9
13,0.08,0.67,1.44,0.026,0.009,12.3,17.11,2.31,0.35,0.013,0.006,0.001,0.0186,0.04,37,34,33,800,63.2041,3.5483,3975.7
5,0.066,0.63,1.73,0.029,0.024,13.16,17.07,2.34,0.13,0.055,0.095,0.002,0.028,0.01,33,65,216,600,65.3684,3.5763,3980.5
16,0.05,0.74,1.74,0.035,0.006,11.19,17.6,2.32,0.28,0.014,0.005,0.0007,0.023,0.03,33,30,33,800,59.6453,3.6271,4027.9
17,0.012,0.55,0.87,0.025,0.005,11.22,16.79,2.02,0.28,0.001,0.015,0.0002,0.0765,0.007,94,60,88,700,57.9359,3.4946,4030.5
0,0.06,0.59,1.69,0.024,0.017,13.32,16.73,2.38,0.07,0.011,0.015,0.001,0.03,0.02,13,21,53,750,66.7612,3.5649,4034.5
14,0.07,0.61,1.41,0.026,0.007,12.18,16.97,2.25,0.34,0.018,0.006,0.0008,0.0218,0.03,17,22,196,600,62.3719,3.6599,4174.2
4,0.078,0.62,1.6,0.021,0.008,13.51,16.9,2.08,0.16,0.037,0.031,0.001,0.028,0.01,9,14,88,700,62.6117,3.7749,4178.3
9,0.06,0.46,1.49,0.032,0.026,12.48,17.43,2.49,0.15,0.009,0.025,0.0008,0.0189,0.04,51,35,33,800,66.7895,3.5483,4220
3,0.058,0.58,1.56,0.027,0.008,13.65,16.86,2.14,0.17,0.028,0.041,0.0009,0.025,0.01,35,53,196,600,63.5551,3.5885,4224.5
15,0.06,0.74,1.7,0.038,0.011,13.04,17.31,2.56,0.3,0.011,0.005,0.0011,0.0192,0.04,55,55,20,850,67.3807,3.6140,4225.2
18,0.012,0.56,0.81,0.024,0.004,10.67,16.39,2.11,0.27,0.0006,0.011,0.001,0.081,0.001,60,48,53,750,58.7002,3.5779,4229
5,0.066,0.63,1.73,0.029,0.024,13.16,17.07,2.34,0.13,0.055,0.095,0.002,0.028,0.01,53,62,216,600,65.3684,3.5763,4348.6
12,0.07,0.58,1.67,0.027,0.011,10.42,17.3,2.37,0.17,0.047,0.03,0.0007,0.029,0.03,36,28,69,700,60.6679,3.7253,4410.6
13,0.08,0.67,1.44,0.026,0.009,12.3,17.11,2.31,0.35,0.013,0.006,0.001,0.0186,0.04,19,28,196,600,63.2041,3.6599,4468.7
2,0.05,0.71,1.52,0.022,0.013,13.5,17.5,2.28,0.17,0.055,0.027,0.0013,0.035,0.02,36,29,53,750,64.2349,3.4766,4493.7
1,0.05,0.52,1.51,0.021,0.01,13.21,16.42,2.34,0.14,0.011,0.018,0.0005,0.034,0.01,36,33,51,750,66.6025,3.5939,4512.5
17,0.012,0.55,0.87,0.025,0.005,11.22,16.79,2.02,0.28,0.001,0.015,0.0002,0.0765,0.007,88,50,53,750,57.9359,3.5953,4544.6
14,0.07,0.61,1.41,0.026,0.007,12.18,16.97,2.25,0.34,0.018,0.006,0.0008,0.0218,0.03,26,26,108,650,62.3719,3.8637,4566.6
4,0.078,0.62,1.6,0.021,0.008,13.51,16.9,2.08,0.16,0.037,0.031,0.001,0.028,0.01,36,42,196,600,62.6117,3.7304,4569.2
3,0.058,0.58,1.56,0.027,0.008,13.65,16.86,2.14,0.17,0.028,0.041,0.0009,0.025,0.01,6,7,53,750,63.5551,3.4141,4569.8
14,0.07,0.61,1.41,0.026,0.007,12.18,16.97,2.25,0.34,0.018,0.006,0.0008,0.0218,0.03,27,23,69,700,62.3719,3.7253,4636
5,0.066,0.63,1.73,0.029,0.024,13.16,17.07,2.34,0.13,0.055,0.095,0.002,0.028,0.01,6,7,74,700,65.3684,3.5456,4646
0,0.06,0.59,1.69,0.024,0.017,13.32,16.73,2.38,0.07,0.011,0.015,0.001,0.03,0.02,58,62,196,600,66.7612,3.5616,4715.3
8,0.06,0.52,1.58,0.025,0.007,13.6,16.6,2.31,0.26,0.029,0.021,0.0007,0.0224,0.01,35,36,53,750,66.6248,3.8268,4783.8
6,0.07,0.61,1.65,0.025,0.007,13.6,16.6,2.33,0.26,0.043,0.017,0.0011,0.025,0.01,64,75,196,600,66.6471,3.5737,4822
9,0.06,0.46,1.49,0.032,0.026,12.48,17.43,2.49,0.15,0.009,0.025,0.0008,0.0189,0.04,38,28,20,850,66.7895,4.0531,4873.7
19,0.011,0.57,0.84,0.025,0.003,11.14,16.85,2.25,0.27,0.001,0.006,0.0002,0.0751,0.004,36,58,333,550,61.1435,3.6197,4927.8
12,0.07,0.58,1.67,0.027,0.011,10.42,17.3,2.37,0.17,0.047,0.03,0.0007,0.029,0.03,32,29,20,850,60.6679,4.0531,5032.6
10,0.07,0.73,1.62,0.029,0.019,11.92,16.97,2.45,0.14,0.009,0.022,0.0013,0.0159,0.04,31,27,20,850,64.0064,4.0531,5105.8
8,0.06,0.52,1.58,0.025,0.007,13.6,16.6,2.31,0.26,0.029,0.021,0.0007,0.0224,0.01,56,75,196,600,66.6248,3.5599,5127.6
4,0.078,0.62,1.6,0.021,0.008,13.51,16.9,2.08,0.16,0.037,0.031,0.001,0.028,0.01,5,10,88,700,62.6117,3.7749,5174.8
12,0.07,0.58,1.67,0.027,0.011,10.42,17.3,2.37,0.17,0.047,0.03,0.0007,0.029,0.03,29,27,41,750,60.6679,3.8566,5383.9
11,0.07,0.81,1.75,0.026,0.01,10.28,16.97,2.44,0.15,0.044,0.04,0.0016,0.0241,0.04,30,39,196,600,60.2786,3.6599,5533.2
6,0.07,0.61,1.65,0.025,0.007,13.6,16.6,2.33,0.26,0.043,0.017,0.0011,0.025,0.01,43,48,53,750,66.6471,3.8231,5548.4
11,0.07,0.81,1.75,0.026,0.01,10.28,16.97,2.44,0.15,0.044,0.04,0.0016,0.0241,0.04,35,35,69,700,60.2786,3.7253,5556.44
11,0.07,0.81,1.75,0.026,0.01,10.28,16.97,2.44,0.15,0.044,0.04,0.0016,0.0241,0.04,39,34,20,850,60.2786,4.0531,5619.2
5,0.066,0.63,1.73,0.029,0.024,13.16,17.07,2.34,0.13,0.055,0.095,0.002,0.028,0.01,9,3,29,750,65.3684,3.8989,5721.1
7,0.06,0.52,1.6,0.025,0.007,13.3,16.7,2.25,0.24,0.06,0.02,0.0008,0.0318,0.01,44,53,53,750,65.2279,3.7561,5736
10,0.07,0.73,1.62,0.029,0.019,11.92,16.97,2.45,0.14,0.009,0.022,0.0013,0.0159,0.04,41,53,196,600,64.0064,3.6599,5759
13,0.08,0.67,1.44,0.026,0.009,12.3,17.11,2.31,0.35,0.013,0.006,0.001,0.0186,0.04,34,35,108,650,63.2041,3.8637,5856.2
18,0.012,0.56,0.81,0.024,0.004,10.67,16.39,2.11,0.27,0.0006,0.011,0.001,0.081,0.001,80,72,137,650,58.7002,3.7961,5954.8
1,0.05,0.52,1.51,0.021,0.01,13.21,16.42,2.34,0.14,0.011,0.018,0.0005,0.034,0.01,50,45,74,700,66.6025,3.7644,6016.8
16,0.05,0.74,1.74,0.035,0.006,11.19,17.6,2.32,0.28,0.014,0.005,0.0007,0.023,0.03,23,36,177,625,59.6453,3.7852,6098.2
12,0.07,0.58,1.67,0.027,0.011,10.42,17.3,2.37,0.17,0.047,0.03,0.0007,0.029,0.03,36,32,108,650,60.6679,3.8637,6194.9
17,0.012,0.55,0.87,0.025,0.005,11.22,16.79,2.02,0.28,0.001,0.015,0.0002,0.0765,0.007,46,58,235,600,57.9359,3.7285,6247.3
11,0.07,0.81,1.75,0.026,0.01,10.28,16.97,2.44,0.15,0.044,0.04,0.0016,0.0241,0.04,45,38,108,650,60.2786,3.8637,6404.3
13,0.08,0.67,1.44,0.026,0.009,12.3,17.11,2.31,0.35,0.013,0.006,0.001,0.0186,0.04,37,35,69,700,63.2041,3.7253,6558
11,0.07,0.81,1.75,0.026,0.01,10.28,16.97,2.44,0.15,0.044,0.04,0.0016,0.0241,0.04,44,33,41,750,60.2786,3.8566,6564.4
2,0.05,0.71,1.52,0.022,0.013,13.5,17.5,2.28,0.17,0.055,0.027,0.0013,0.035,0.02,32,29,74,700,64.2349,3.7816,6574.1
10,0.07,0.73,1.62,0.029,0.019,11.92,16.97,2.45,0.14,0.009,0.022,0.0013,0.0159,0.04,49,43,69,700,64.0064,3.7234,6729.8
12,0.07,0.58,1.67,0.027,0.011,10.42,17.3,2.37,0.17,0.047,0.03,0.0007,0.029,0.03,28,25,26,800,60.6679,4.0000,6756
1,0.05,0.52,1.51,0.021,0.01,13.21,16.42,2.34,0.14,0.011,0.018,0.0005,0.034,0.01,53,54,108,650,66.6025,3.9318,6790.9
1,0.05,0.52,1.51,0.021,0.01,13.21,16.42,2.34,0.14,0.011,0.018,0.0005,0.034,0.01,47,69,177,600,66.6025,3.7281,6914.1
9,0.06,0.46,1.49,0.032,0.026,12.48,17.43,2.49,0.15,0.009,0.025,0.0008,0.0189,0.04,63,52,69,700,66.7895,3.7253,7180.1
15,0.06,0.74,1.7,0.038,0.011,13.04,17.31,2.56,0.3,0.011,0.005,0.0011,0.0192,0.04,55,43,26,800,67.3807,3.8551,7234.1
12,0.07,0.58,1.67,0.027,0.011,10.42,17.3,2.37,0.17,0.047,0.03,0.0007,0.029,0.03,44,28,61,700,60.6679,3.9553,7265.5
10,0.07,0.73,1.62,0.029,0.019,11.92,16.97,2.45,0.14,0.009,0.022,0.0013,0.0159,0.04,62,59,108,650,64.0064,3.8637,7297.7
12,0.07,0.58,1.67,0.027,0.011,10.42,17.3,2.37,0.17,0.047,0.03,0.0007,0.029,0.03,19,32,196,600,60.6679,3.6599,7326.8
19,0.011,0.57,0.84,0.025,0.003,11.14,16.85,2.25,0.27,0.001,0.006,0.0002,0.0751,0.004,73,83,135,650,61.1435,3.8681,7380.1
6,0.07,0.61,1.65,0.025,0.007,13.6,16.6,2.33,0.26,0.043,0.017,0.0011,0.025,0.01,53,52,53,750,66.6471,3.8231,7413.3
16,0.05,0.74,1.74,0.035,0.006,11.19,17.6,2.32,0.28,0.014,0.005,0.0007,0.023,0.03,22,22,69,700,59.6453,3.8618,7423.3
5,0.066,0.63,1.73,0.029,0.024,13.16,17.07,2.34,0.13,0.055,0.095,0.002,0.028,0.01,4,4,61,700,65.3684,3.8008,7545.8
15,0.06,0.74,1.7,0.038,0.011,13.04,17.31,2.56,0.3,0.011,0.005,0.0011,0.0192,0.04,54,55,41,750,67.3807,4.0144,7587.7
9,0.06,0.46,1.49,0.032,0.026,12.48,17.43,2.49,0.15,0.009,0.025,0.0008,0.0189,0.04,31,52,196,600,66.7895,3.6599,7593
17,0.012,0.55,0.87,0.025,0.005,11.22,16.79,2.02,0.28,0.001,0.015,0.0002,0.0765,0.007,66,66,137,650,57.9359,3.8856,7656
4,0.078,0.62,1.6,0.021,0.008,13.51,16.9,2.08,0.16,0.037,0.031,0.001,0.028,0.01,3,4,53,750,62.6117,3.6797,7758.1
15,0.06,0.74,1.7,0.038,0.011,13.04,17.31,2.56,0.3,0.011,0.005,0.0011,0.0192,0.04,52,58,69,700,67.3807,3.8618,7763
14,0.07,0.61,1.41,0.026,0.007,12.18,16.97,2.25,0.34,0.018,0.006,0.0008,0.0218,0.03,25,21,26,800,62.3719,4.0000,7917.4
11,0.07,0.81,1.75,0.026,0.01,10.28,16.97,2.44,0.15,0.044,0.04,0.0016,0.0241,0.04,35,31,26,800,60.2786,4.0000,7988
3,0.058,0.58,1.56,0.027,0.008,13.65,16.86,2.14,0.17,0.028,0.041,0.0009,0.025,0.01,4,9,74,700,63.5551,3.8268,8050.3
9,0.06,0.46,1.49,0.032,0.026,12.48,17.43,2.49,0.15,0.009,0.025,0.0008,0.0189,0.04,49,33,26,800,66.7895,4.0000,8051.1
14,0.07,0.61,1.41,0.026,0.007,12.18,16.97,2.25,0.34,0.018,0.006,0.0008,0.0218,0.03,21,21,61,700,62.3719,3.9553,8075.4
13,0.08,0.67,1.44,0.026,0.009,12.3,17.11,2.31,0.35,0.013,0.006,0.001,0.0186,0.04,38,31,41,750,63.2041,3.8566,8302.3
2,0.05,0.71,1.52,0.022,0.013,13.5,17.5,2.28,0.17,0.055,0.027,0.0013,0.035,0.02,63,71,196,600,64.2349,3.6931,8333.1
0,0.06,0.59,1.69,0.024,0.017,13.32,16.73,2.38,0.07,0.011,0.015,0.001,0.03,0.02,20,25,74,700,66.7612,3.8615,8504.6
5,0.066,0.63,1.73,0.029,0.024,13.16,17.07,2.34,0.13,0.055,0.095,0.002,0.028,0.01,42,66,196,600,65.3684,3.9032,8519.9
5,0.066,0.63,1.73,0.029,0.024,13.16,17.07,2.34,0.13,0.055,0.095,0.002,0.028,0.01,5,4,53,700,65.3684,3.9715,8542.6
10,0.07,0.73,1.62,0.029,0.019,11.92,16.97,2.45,0.14,0.009,0.022,0.0013,0.0159,0.04,31,27,26,800,64.0064,4.0000,8599
9,0.06,0.46,1.49,0.032,0.026,12.48,17.43,2.49,0.15,0.009,0.025,0.0008,0.0189,0.04,81,65,108,650,66.7895,3.8637,8725.6
11,0.07,0.81,1.75,0.026,0.01,10.28,16.97,2.44,0.15,0.044,0.04,0.0016,0.0241,0.04,47,34,61,700,60.2786,3.9553,8745.3
16,0.05,0.74,1.74,0.035,0.006,11.19,17.6,2.32,0.28,0.014,0.005,0.0007,0.023,0.03,23,23,20,850,59.6453,3.9415,8823.4
9,0.06,0.46,1.49,0.032,0.026,12.48,17.43,2.49,0.15,0.009,0.025,0.0008,0.0189,0.04,49,40,41,750,66.7895,3.8566,8872.8
8,0.06,0.52,1.58,0.025,0.007,13.6,16.6,2.31,0.26,0.029,0.021,0.0007,0.0224,0.01,48,48,74,700,66.6248,3.9017,9042.2
7,0.06,0.52,1.6,0.025,0.007,13.3,16.7,2.25,0.24,0.06,0.02,0.0008,0.0318,0.01,43,80,196,600,65.2279,3.7621,9099.6
10,0.07,0.73,1.62,0.029,0.019,11.92,16.97,2.45,0.14,0.009,0.022,0.0013,0.0159,0.04,49,34,41,750,64.0064,3.8566,9266.1
0,0.06,0.59,1.69,0.024,0.017,13.32,16.73,2.38,0.07,0.011,0.015,0.001,0.03,0.02,43,42,108,650,66.7612,4.0439,9268.7
5,0.066,0.63,1.73,0.029,0.024,13.16,17.07,2.34,0.13,0.055,0.095,0.002,0.028,0.01,6,3,53,700,65.3684,3.9715,9308.2
16,0.05,0.74,1.74,0.035,0.006,11.19,17.6,2.32,0.28,0.014,0.005,0.0007,0.023,0.03,24,31,108,650,59.6453,4.1153,9346.9
12,0.07,0.58,1.67,0.027,0.011,10.42,17.3,2.37,0.17,0.047,0.03,0.0007,0.029,0.03,52,26,33,750,60.6679,4.2553,9352.7
14,0.07,0.61,1.41,0.026,0.007,12.18,16.97,2.25,0.34,0.018,0.006,0.0008,0.0218,0.03,17,17,37,750,62.3719,4.0493,9613.4
14,0.07,0.61,1.41,0.026,0.007,12.18,16.97,2.25,0.34,0.018,0.006,0.0008,0.0218,0.03,23,23,20,850,62.3719,4.0531,9675.1
3,0.058,0.58,1.56,0.027,0.008,13.65,16.86,2.14,0.17,0.028,0.041,0.0009,0.025,0.01,5,4,37,750,63.5551,3.8232,9698.5
0,0.06,0.59,1.69,0.024,0.017,13.32,16.73,2.38,0.07,0.011,0.015,0.001,0.03,0.02,59,59,177,600,66.7612,3.8930,9792.7
15,0.06,0.74,1.7,0.038,0.011,13.04,17.31,2.56,0.3,0.011,0.005,0.0011,0.0192,0.04,21,40,196,600,67.3807,3.9895,9949.4
6,0.07,0.61,1.65,0.025,0.007,13.6,16.6,2.33,0.26,0.043,0.017,0.0011,0.025,0.01,37,52,74,700,66.6471,4.0082,10136.8
7,0.06,0.52,1.6,0.025,0.007,13.3,16.7,2.25,0.24,0.06,0.02,0.0008,0.0318,0.01,62,60,74,700,65.2279,3.9726,10198.6
13,0.08,0.67,1.44,0.026,0.009,12.3,17.11,2.31,0.35,0.013,0.006,0.001,0.0186,0.04,28,28,26,800,63.2041,4.0000,10206.9
5,0.066,0.63,1.73,0.029,0.024,13.16,17.07,2.34,0.13,0.055,0.095,0.002,0.028,0.01,10,1,25,750,65.3684,4.0819,10285.2
6,0.07,0.61,1.65,0.025,0.007,13.6,16.6,2.33,0.26,0.043,0.017,0.0011,0.025,0.01,41,65,108,650,66.6471,4.0782,10460.7
6,0.07,0.61,1.65,0.025,0.007,13.6,16.6,2.33,0.26,0.043,0.017,0.0011,0.025,0.01,46,40,108,650,66.6471,4.0782,10477.6
4,0.078,0.62,1.6,0.021,0.008,13.51,16.9,2.08,0.16,0.037,0.031,0.001,0.028,0.01,22,36,177,600,62.6117,4.0499,10526.7
6,0.07,0.61,1.65,0.025,0.007,13.6,16.6,2.33,0.26,0.043,0.017,0.0011,0.025,0.01,70,77,177,600,66.6471,3.8929,10605.3
2,0.05,0.71,1.52,0.022,0.013,13.5,17.5,2.28,0.17,0.055,0.027,0.0013,0.035,0.02,54,56,108,650,64.2349,4.0786,10784
8,0.06,0.52,1.58,0.025,0.007,13.6,16.6,2.31,0.26,0.029,0.021,0.0007,0.0224,0.01,57,76,177,600,66.6248,3.9063,10867.4
8,0.06,0.52,1.58,0.025,0.007,13.6,16.6,2.31,0.26,0.029,0.021,0.0007,0.0224,0.01,48,56,108,650,66.6248,4.0573,10957.2
6,0.07,0.61,1.65,0.025,0.007,13.6,16.6,2.33,0.26,0.043,0.017,0.0011,0.025,0.01,49,80,177,600,66.6471,3.8929,11007.5
18,0.012,0.56,0.81,0.024,0.004,10.67,16.39,2.11,0.27,0.0006,0.011,0.001,0.081,0.001,53,40,69,700,58.7002,4.0456,11027
13,0.08,0.67,1.44,0.026,0.009,12.3,17.11,2.31,0.35,0.013,0.006,0.001,0.0186,0.04,35,24,20,850,63.2041,4.0531,11133.4
4,0.078,0.62,1.6,0.021,0.008,13.51,16.9,2.08,0.16,0.037,0.031,0.001,0.028,0.01,5,4,74,700,62.6117,4.0587,11163.9
11,0.07,0.81,1.75,0.026,0.01,10.28,16.97,2.44,0.15,0.044,0.04,0.0016,0.0241,0.04,61,35,33,750,60.2786,4.2553,11187.8
15,0.06,0.74,1.7,0.038,0.011,13.04,17.31,2.56,0.3,0.011,0.005,0.0011,0.0192,0.04,39,46,108,650,67.3807,4.1153,11228.8
3,0.058,0.58,1.56,0.027,0.008,13.65,16.86,2.14,0.17,0.028,0.041,0.0009,0.025,0.01,34,53,177,600,63.5551,3.9613,11490.3
18,0.012,0.56,0.81,0.024,0.004,10.67,16.39,2.11,0.27,0.0006,0.011,0.001,0.081,0.001,43,71,216,600,58.7002,4.0673,11687.1
16,0.05,0.74,1.74,0.035,0.006,11.19,17.6,2.32,0.28,0.014,0.005,0.0007,0.023,0.03,27,24,41,750,59.6453,4.0144,11766.8
6,0.07,0.61,1.65,0.025,0.007,13.6,16.6,2.33,0.26,0.043,0.017,0.0011,0.025,0.01,35,51,74,700,66.6471,4.0082,11817.9
10,0.07,0.73,1.62,0.029,0.019,11.92,16.97,2.45,0.14,0.009,0.022,0.0013,0.0159,0.04,52,41,61,700,64.0064,3.9497,12122.6
15,0.06,0.74,1.7,0.038,0.011,13.04,17.31,2.56,0.3,0.011,0.005,0.0011,0.0192,0.04,55,52,61,700,67.3807,4.1124,12394.8
17,0.012,0.55,0.87,0.025,0.005,11.22,16.79,2.02,0.28,0.001,0.015,0.0002,0.0765,0.007,42,40,69,700,57.9359,4.0498,12603.9
13,0.08,0.67,1.44,0.026,0.009,12.3,17.11,2.31,0.35,0.013,0.006,0.001,0.0186,0.04,24,24,61,700,63.2041,3.9553,12850.9
16,0.05,0.74,1.74,0.035,0.006,11.19,17.6,2.32,0.28,0.014,0.005,0.0007,0.023,0.03,15,24,196,600,59.6453,3.9895,12956.2
3,0.058,0.58,1.56,0.027,0.008,13.65,16.86,2.14,0.17,0.028,0.041,0.0009,0.025,0.01,6,14,108,650,63.5551,4.1076,13012
3,0.058,0.58,1.56,0.027,0.008,13.65,16.86,2.14,0.17,0.028,0.041,0.0009,0.025,0.01,4,4,61,700,63.5551,4.0754,13032.9
7,0.06,0.52,1.6,0.025,0.007,13.3,16.7,2.25,0.24,0.06,0.02,0.0008,0.0318,0.01,49,70,108,650,65.2279,4.1866,13361.6
12,0.07,0.58,1.67,0.027,0.011,10.42,17.3,2.37,0.17,0.047,0.03,0.0007,0.029,0.03,40,24,53,700,60.6679,4.2031,13732.9
14,0.07,0.61,1.41,0.026,0.007,12.18,16.97,2.25,0.34,0.018,0.006,0.0008,0.0218,0.03,19,15,33,750,62.3719,4.2553,13737.9
5,0.066,0.63,1.73,0.029,0.024,13.16,17.07,2.34,0.13,0.055,0.095,0.002,0.028,0.01,6,8,108,650,65.3684,4.1288,13754.4
1,0.05,0.52,1.51,0.021,0.01,13.21,16.42,2.34,0.14,0.011,0.018,0.0005,0.034,0.01,31,42,98,650,66.6025,4.1839,14432.3
18,0.012,0.56,0.81,0.024,0.004,10.67,16.39,2.11,0.27,0.0006,0.011,0.001,0.081,0.001,64,69,216,600,58.7002,4.0673,14445
9,0.06,0.46,1.49,0.032,0.026,12.48,17.43,2.49,0.15,0.009,0.025,0.0008,0.0189,0.04,52,47,61,700,66.7895,3.9553,14490.8
1,0.05,0.52,1.51,0.021,0.01,13.21,16.42,2.34,0.14,0.011,0.018,0.0005,0.034,0.01,45,63,157,600,66.6025,4.1177,14743.6
16,0.05,0.74,1.74,0.035,0.006,11.19,17.6,2.32,0.28,0.014,0.005,0.0007,0.023,0.03,25,23,26,800,59.6453,4.1389,14776.1
11,0.07,0.81,1.75,0.026,0.01,10.28,16.97,2.44,0.15,0.044,0.04,0.0016,0.0241,0.04,55,33,53,700,60.2786,4.2031,14786.4
2,0.05,0.71,1.52,0.022,0.013,13.5,17.5,2.28,0.17,0.055,0.027,0.0013,0.035,0.02,48,75,177,600,64.2349,4.0358,15001
18,0.012,0.56,0.81,0.024,0.004,10.67,16.39,2.11,0.27,0.0006,0.011,0.001,0.081,0.001,35,45,402,500,58.7002,4.1782,15071.5
2,0.05,0.71,1.52,0.022,0.013,13.5,17.5,2.28,0.17,0.055,0.027,0.0013,0.035,0.02,15,15,61,700,64.2349,4.1548,15632.8
5,0.066,0.63,1.73,0.029,0.024,13.16,17.07,2.34,0.13,0.055,0.095,0.002,0.028,0.01,5,1,41,700,65.3684,4.2581,15688.3
1,0.05,0.52,1.51,0.021,0.01,13.21,16.42,2.34,0.14,0.011,0.018,0.0005,0.034,0.01,35,31,61,700,66.6025,4.1971,15769.8
5,0.066,0.63,1.73,0.029,0.024,13.16,17.07,2.34,0.13,0.055,0.095,0.002,0.028,0.01,55,63,177,600,65.3684,4.2052,16211.6
18,0.012,0.56,0.81,0.024,0.004,10.67,16.39,2.11,0.27,0.0006,0.011,0.001,0.081,0.001,31,39,392,500,58.7002,4.2213,16645.9
16,0.05,0.74,1.74,0.035,0.006,11.19,17.6,2.32,0.28,0.014,0.005,0.0007,0.023,0.03,21,20,61,700,59.6453,4.1124,16659.8
14,0.07,0.61,1.41,0.026,0.007,12.18,16.97,2.25,0.34,0.018,0.006,0.0008,0.0218,0.03,18,13,53,700,62.3719,4.2031,16686.1
12,0.07,0.58,1.67,0.027,0.011,10.42,17.3,2.37,0.17,0.047,0.03,0.0007,0.029,0.03,29,21,20,800,60.6679,4.4613,16869.3
7,0.06,0.52,1.6,0.025,0.007,13.3,16.7,2.25,0.24,0.06,0.02,0.0008,0.0318,0.01,56,82,177,600,65.2279,4.1104,16988.4
15,0.06,0.74,1.7,0.038,0.011,13.04,17.31,2.56,0.3,0.011,0.005,0.0011,0.0192,0.04,49,47,33,750,67.3807,4.4138,16990.6
0,0.06,0.59,1.69,0.024,0.017,13.32,16.73,2.38,0.07,0.011,0.015,0.001,0.03,0.02,20,15,37,750,66.7612,4.2189,17022.9
3,0.058,0.58,1.56,0.027,0.008,13.65,16.86,2.14,0.17,0.028,0.041,0.0009,0.025,0.01,4,3,53,700,63.5551,4.2256,17306
2,0.05,0.71,1.52,0.022,0.013,13.5,17.5,2.28,0.17,0.055,0.027,0.0013,0.035,0.02,32,39,98,650,64.2349,4.2891,17413.6
9,0.06,0.46,1.49,0.032,0.026,12.48,17.43,2.49,0.15,0.009,0.025,0.0008,0.0189,0.04,43,31,33,750,66.7895,4.2553,18143.3
13,0.08,0.67,1.44,0.026,0.009,12.3,17.11,2.31,0.35,0.013,0.006,0.001,0.0186,0.04,29,23,33,750,63.2041,4.2553,18172.8
18,0.012,0.56,0.81,0.024,0.004,10.67,16.39,2.11,0.27,0.0006,0.011,0.001,0.081,0.001,32,44,294,550,58.7002,4.2147,18235.5
15,0.06,0.74,1.7,0.038,0.011,13.04,17.31,2.56,0.3,0.011,0.005,0.0011,0.0192,0.04,35,32,20,800,67.3807,4.3053,18475
6,0.07,0.61,1.65,0.025,0.007,13.6,16.6,2.33,0.26,0.043,0.017,0.0011,0.025,0.01,57,80,157,600,66.6471,4.2613,18483.6
5,0.066,0.63,1.73,0.029,0.024,13.16,17.07,2.34,0.13,0.055,0.095,0.002,0.028,0.01,4,7,98,650,65.3684,4.2659,18524.4
4,0.078,0.62,1.6,0.021,0.008,13.51,16.9,2.08,0.16,0.037,0.031,0.001,0.028,0.01,2,3,61,700,62.6117,4.3064,18605.4
0,0.06,0.59,1.69,0.024,0.017,13.32,16.73,2.38,0.07,0.011,0.015,0.001,0.03,0.02,68,68,157,600,66.7612,4.2541,18851.3
5,0.066,0.63,1.73,0.029,0.024,13.16,17.07,2.34,0.13,0.055,0.095,0.002,0.028,0.01,11,2,20,750,65.3684,4.3488,19419.6
12,0.07,0.58,1.67,0.027,0.011,10.42,17.3,2.37,0.17,0.047,0.03,0.0007,0.029,0.03,37,22,26,750,60.6679,4.6562,19438.5
6,0.07,0.61,1.65,0.025,0.007,13.6,16.6,2.33,0.26,0.043,0.017,0.0011,0.025,0.01,61,78,157,600,66.6471,4.2613,19646.2
5,0.066,0.63,1.73,0.029,0.024,13.16,17.07,2.34,0.13,0.055,0.095,0.002,0.028,0.01,8,1,33,700,65.3684,4.4806,19807.3
0,0.06,0.59,1.69,0.024,0.017,13.32,16.73,2.38,0.07,0.011,0.015,0.001,0.03,0.02,21,34,98,650,66.7612,4.2835,19876.8
3,0.058,0.58,1.56,0.027,0.008,13.65,16.86,2.14,0.17,0.028,0.041,0.0009,0.025,0.01,7,11,98,650,63.5551,4.2838,19878.8
8,0.06,0.52,1.58,0.025,0.007,13.6,16.6,2.31,0.26,0.029,0.021,0.0007,0.0224,0.01,69,71,157,600,66.6248,4.2851,19980.4
8,0.06,0.52,1.58,0.025,0.007,13.6,16.6,2.31,0.26,0.029,0.021,0.0007,0.0224,0.01,35,45,98,650,66.6248,4.3124,19996.8
4,0.078,0.62,1.6,0.021,0.008,13.51,16.9,2.08,0.16,0.037,0.031,0.001,0.028,0.01,5,1,37,750,62.6117,4.0813,20054.7
18,0.012,0.56,0.81,0.024,0.004,10.67,16.39,2.11,0.27,0.0006,0.011,0.001,0.081,0.001,22,21,33,750,58.7002,4.3213,20245.3
0,0.06,0.59,1.69,0.024,0.017,13.32,16.73,2.38,0.07,0.011,0.015,0.001,0.03,0.02,18,18,61,700,66.7612,4.2668,20446.7
19,0.011,0.57,0.84,0.025,0.003,11.14,16.85,2.25,0.27,0.001,0.006,0.0002,0.0751,0.004,38,48,294,550,61.1435,4.3261,21066.2
17,0.012,0.55,0.87,0.025,0.005,11.22,16.79,2.02,0.28,0.001,0.015,0.0002,0.0765,0.007,17,17,33,750,57.9359,4.2701,21227.4
18,0.012,0.56,0.81,0.024,0.004,10.67,16.39,2.11,0.27,0.0006,0.011,0.001,0.081,0.001,57,58,108,650,58.7002,4.3231,21448.2
15,0.06,0.74,1.7,0.038,0.011,13.04,17.31,2.56,0.3,0.011,0.005,0.0011,0.0192,0.04,45,44,53,700,67.3807,4.3879,21478.8
10,0.07,0.73,1.62,0.029,0.019,11.92,16.97,2.45,0.14,0.009,0.022,0.0013,0.0159,0.04,20,19,20,800,64.0064,4.4613,21527.8
17,0.012,0.55,0.87,0.025,0.005,11.22,16.79,2.02,0.28,0.001,0.015,0.0002,0.0765,0.007,68,51,108,650,57.9359,4.3324,21548.2
11,0.07,0.81,1.75,0.026,0.01,10.28,16.97,2.44,0.15,0.044,0.04,0.0016,0.0241,0.04,29,32,20,800,60.2786,4.4613,21557.2
1,0.05,0.52,1.51,0.021,0.01,13.21,16.42,2.34,0.14,0.011,0.018,0.0005,0.034,0.01,28,21,37,750,66.6025,4.2501,21757
18,0.012,0.56,0.81,0.024,0.004,10.67,16.39,2.11,0.27,0.0006,0.011,0.001,0.081,0.001,63,70,196,600,58.7002,4.3721,22090.9
11,0.07,0.81,1.75,0.026,0.01,10.28,16.97,2.44,0.15,0.044,0.04,0.0016,0.0241,0.04,67,34,26,750,60.2786,4.6562,22181.1
4,0.078,0.62,1.6,0.021,0.008,13.51,16.9,2.08,0.16,0.037,0.031,0.001,0.028,0.01,4,6,108,650,62.6117,4.2175,22285.6
17,0.012,0.55,0.87,0.025,0.005,11.22,16.79,2.02,0.28,0.001,0.015,0.0002,0.0765,0.007,28,38,294,550,57.9359,4.5816,22927.2
10,0.07,0.73,1.62,0.029,0.019,11.92,16.97,2.45,0.14,0.009,0.022,0.0013,0.0159,0.04,40,26,33,750,64.0064,4.2553,23024.4
5,0.066,0.63,1.73,0.029,0.024,13.16,17.07,2.34,0.13,0.055,0.095,0.002,0.028,0.01,8,4,88,650,65.3684,4.3976,24245.5
3,0.058,0.58,1.56,0.027,0.008,13.65,16.86,2.14,0.17,0.028,0.041,0.0009,0.025,0.01,24,39,157,600,63.5551,4.3359,24435.5
8,0.06,0.52,1.58,0.025,0.007,13.6,16.6,2.31,0.26,0.029,0.021,0.0007,0.0224,0.01,26,37,61,700,66.6248,4.3372,24442.4
2,0.05,0.71,1.52,0.022,0.013,13.5,17.5,2.28,0.17,0.055,0.027,0.0013,0.035,0.02,56,77,157,600,64.2349,4.3896,24572.5
14,0.07,0.61,1.41,0.026,0.007,12.18,16.97,2.25,0.34,0.018,0.006,0.0008,0.0218,0.03,17,17,20,800,62.3719,4.4613,24706.3
4,0.078,0.62,1.6,0.021,0.008,13.51,16.9,2.08,0.16,0.037,0.031,0.001,0.028,0.01,3,3,53,700,62.6117,4.4580,24934.3
4,0.078,0.62,1.6,0.021,0.008,13.51,16.9,2.08,0.16,0.037,0.031,0.001,0.028,0.01,16,26,157,600,62.6117,4.3793,25009.3
6,0.07,0.61,1.65,0.025,0.007,13.6,16.6,2.33,0.26,0.043,0.017,0.0011,0.025,0.01,34,48,98,650,66.6471,4.3608,25771.7
9,0.06,0.46,1.49,0.032,0.026,12.48,17.43,2.49,0.15,0.009,0.025,0.0008,0.0189,0.04,29,19,20,800,66.7895,4.4613,25804
18,0.012,0.56,0.81,0.024,0.004,10.67,16.39,2.11,0.27,0.0006,0.011,0.001,0.081,0.001,48,72,196,600,58.7002,4.3721,26153
17,0.012,0.55,0.87,0.025,0.005,11.22,16.79,2.02,0.28,0.001,0.015,0.0002,0.0765,0.007,60,67,196,600,57.9359,4.4426,26436.3
3,0.058,0.58,1.56,0.027,0.008,13.65,16.86,2.14,0.17,0.028,0.041,0.0009,0.025,0.01,5,1,41,700,63.5551,4.4571,26491.3
13,0.08,0.67,1.44,0.026,0.009,12.3,17.11,2.31,0.35,0.013,0.006,0.001,0.0186,0.04,27,20,53,700,63.2041,4.2031,26746.7
2,0.05,0.71,1.52,0.022,0.013,13.5,17.5,2.28,0.17,0.055,0.027,0.0013,0.035,0.02,11,9,53,700,64.2349,4.4072,26892
5,0.066,0.63,1.73,0.029,0.024,13.16,17.07,2.34,0.13,0.055,0.095,0.002,0.028,0.01,5,5,83,650,65.3684,4.4624,27512.1
7,0.06,0.52,1.6,0.025,0.007,13.3,16.7,2.25,0.24,0.06,0.02,0.0008,0.0318,0.01,36,45,61,700,65.2279,4.4234,28241.8
13,0.08,0.67,1.44,0.026,0.009,12.3,17.11,2.31,0.35,0.013,0.006,0.001,0.0186,0.04,31,26,20,800,63.2041,4.4613,28514
7,0.06,0.52,1.6,0.025,0.007,13.3,16.7,2.25,0.24,0.06,0.02,0.0008,0.0318,0.01,77,81,157,600,65.2279,4.4771,29004.7
12,0.07,0.58,1.67,0.027,0.011,10.42,17.3,2.37,0.17,0.047,0.03,0.0007,0.029,0.03,45,23,41,700,60.6679,4.6232,29350.2
4,0.078,0.62,1.6,0.021,0.008,13.51,16.9,2.08,0.16,0.037,0.031,0.001,0.028,0.01,5,8,98,650,62.6117,4.4028,29708
1,0.05,0.52,1.51,0.021,0.01,13.21,16.42,2.34,0.14,0.011,0.018,0.0005,0.034,0.01,24,20,53,700,66.6025,4.4834,29984
1,0.05,0.52,1.51,0.021,0.01,13.21,16.42,2.34,0.14,0.011,0.018,0.0005,0.034,0.01,51,54,137,600,66.6025,4.5178,30572.5
7,0.06,0.52,1.6,0.025,0.007,13.3,16.7,2.25,0.24,0.06,0.02,0.0008,0.0318,0.01,45,55,98,650,65.2279,4.4271,30880.5
17,0.012,0.55,0.87,0.025,0.005,11.22,16.79,2.02,0.28,0.001,0.015,0.0002,0.0765,0.007,5,8,26,750,57.9359,4.5585,31484.9
9,0.06,0.46,1.49,0.032,0.026,12.48,17.43,2.49,0.15,0.009,0.025,0.0008,0.0189,0.04,35,26,53,700,66.7895,4.2031,31653.1
5,0.066,0.63,1.73,0.029,0.024,13.16,17.07,2.34,0.13,0.055,0.095,0.002,0.028,0.01,4,1,29,700,65.3684,4.6060,31762.4
11,0.07,0.81,1.75,0.026,0.01,10.28,16.97,2.44,0.15,0.044,0.04,0.0016,0.0241,0.04,37,31,41,700,60.2786,4.6232,32409
17,0.012,0.55,0.87,0.025,0.005,11.22,16.79,2.02,0.28,0.001,0.015,0.0002,0.0765,0.007,21,23,53,700,57.9359,4.6521,32510.4
6,0.07,0.61,1.65,0.025,0.007,13.6,16.6,2.33,0.26,0.043,0.017,0.0011,0.025,0.01,21,30,37,750,66.6471,4.5204,32781.8
5,0.066,0.63,1.73,0.029,0.024,13.16,17.07,2.34,0.13,0.055,0.095,0.002,0.028,0.01,4,2,78,650,65.3684,4.5269,32942.1
16,0.05,0.74,1.74,0.035,0.006,11.19,17.6,2.32,0.28,0.014,0.005,0.0007,0.023,0.03,26,22,33,750,59.6453,4.4138,33223.6
14,0.07,0.61,1.41,0.026,0.007,12.18,16.97,2.25,0.34,0.018,0.006,0.0008,0.0218,0.03,22,16,26,750,62.3719,4.6562,33278.6
3,0.058,0.58,1.56,0.027,0.008,13.65,16.86,2.14,0.17,0.028,0.041,0.0009,0.025,0.01,4,4,88,650,63.5551,4.4526,33399
5,0.066,0.63,1.73,0.029,0.024,13.16,17.07,2.34,0.13,0.055,0.095,0.002,0.028,0.01,25,36,157,600,65.3684,4.5065,33638.9
18,0.012,0.56,0.81,0.024,0.004,10.67,16.39,2.11,0.27,0.0006,0.011,0.001,0.081,0.001,31,25,53,700,58.7002,4.5182,33653.6
15,0.06,0.74,1.7,0.038,0.011,13.04,17.31,2.56,0.3,0.011,0.005,0.0011,0.0192,0.04,47,40,47,700,67.3807,4.6158,33723.4
0,0.06,0.59,1.69,0.024,0.017,13.32,16.73,2.38,0.07,0.011,0.015,0.001,0.03,0.02,17,28,88,650,66.7612,4.5301,33882.8
2,0.05,0.71,1.52,0.022,0.013,13.5,17.5,2.28,0.17,0.055,0.027,0.0013,0.035,0.02,21,33,88,650,64.2349,4.5032,34199
6,0.07,0.61,1.65,0.025,0.007,13.6,16.6,2.33,0.26,0.043,0.017,0.0011,0.025,0.01,28,34,61,700,66.6471,4.5092,34728.8
0,0.06,0.59,1.69,0.024,0.017,13.32,16.73,2.38,0.07,0.011,0.015,0.001,0.03,0.02,14,13,53,700,66.7612,4.5319,35050.9
14,0.07,0.61,1.41,0.026,0.007,12.18,16.97,2.25,0.34,0.018,0.006,0.0008,0.0218,0.03,21,15,41,700,62.3719,4.6232,35573.5
1,0.05,0.52,1.51,0.021,0.01,13.21,16.42,2.34,0.14,0.011,0.018,0.0005,0.034,0.01,20,47,88,650,66.6025,4.4444,36748.5
3,0.058,0.58,1.56,0.027,0.008,13.65,16.86,2.14,0.17,0.028,0.041,0.0009,0.025,0.01,4,7,83,650,63.5551,4.5355,37110
4,0.078,0.62,1.6,0.021,0.008,13.51,16.9,2.08,0.16,0.037,0.031,0.001,0.028,0.01,6,2,41,700,62.6117,4.6936,37127.6
18,0.012,0.56,0.81,0.024,0.004,10.67,16.39,2.11,0.27,0.0006,0.011,0.001,0.081,0.001,65,72,177,600,58.7002,4.6081,37586.3
15,0.06,0.74,1.7,0.038,0.011,13.04,17.31,2.56,0.3,0.011,0.005,0.0011,0.0192,0.04,45,33,26,750,67.3807,4.7802,37609.5
5,0.066,0.63,1.73,0.029,0.024,13.16,17.07,2.34,0.13,0.055,0.095,0.002,0.028,0.01,4,3,69,650,65.3684,4.6436,38620.6
3,0.058,0.58,1.56,0.027,0.008,13.65,16.86,2.14,0.17,0.028,0.041,0.0009,0.025,0.01,5,1,33,700,63.5551,4.6229,38782
6,0.07,0.61,1.65,0.025,0.007,13.6,16.6,2.33,0.26,0.043,0.017,0.0011,0.025,0.01,55,71,137,600,66.6471,4.6603,38940.1
0,0.06,0.59,1.69,0.024,0.017,13.32,16.73,2.38,0.07,0.011,0.015,0.001,0.03,0.02,54,50,137,600,66.7612,4.6288,39090.4
16,0.05,0.74,1.74,0.035,0.006,11.19,17.6,2.32,0.28,0.014,0.005,0.0007,0.023,0.03,16,20,53,700,59.6453,4.3879,39331.5
8,0.06,0.52,1.58,0.025,0.007,13.6,16.6,2.31,0.26,0.029,0.021,0.0007,0.0224,0.01,59,59,137,600,66.6248,4.6701,39434.3
13,0.08,0.67,1.44,0.026,0.009,12.3,17.11,2.31,0.35,0.013,0.006,0.001,0.0186,0.04,26,18,47,700,63.2041,4.4044,40365
2,0.05,0.71,1.52,0.022,0.013,13.5,17.5,2.28,0.17,0.055,0.027,0.0013,0.035,0.02,9,10,47,700,64.2349,4.6123,40807.5
8,0.06,0.52,1.58,0.025,0.007,13.6,16.6,2.31,0.26,0.029,0.021,0.0007,0.0224,0.01,27,35,88,650,66.6248,4.5779,42077
6,0.07,0.61,1.65,0.025,0.007,13.6,16.6,2.33,0.26,0.043,0.017,0.0011,0.025,0.01,61,75,137,600,66.6471,4.6603,42079.8
2,0.05,0.71,1.52,0.022,0.013,13.5,17.5,2.28,0.17,0.055,0.027,0.0013,0.035,0.02,60,75,137,600,64.2349,4.7385,42329.2
5,0.066,0.63,1.73,0.029,0.024,13.16,17.07,2.34,0.13,0.055,0.095,0.002,0.028,0.01,18,0,18,750,65.3684,4.4716,42527.3
10,0.07,0.73,1.62,0.029,0.019,11.92,16.97,2.45,0.14,0.009,0.022,0.0013,0.0159,0.04,28,21,53,700,64.0064,4.1956,42837.1
18,0.012,0.56,0.81,0.024,0.004,10.67,16.39,2.11,0.27,0.0006,0.011,0.001,0.081,0.001,20,12,26,750,58.7002,4.6479,44380.3
9,0.06,0.46,1.49,0.032,0.026,12.48,17.43,2.49,0.15,0.009,0.025,0.0008,0.0189,0.04,38,18,26,750,66.7895,4.6562,44459.3
6,0.07,0.61,1.65,0.025,0.007,13.6,16.6,2.33,0.26,0.043,0.017,0.0011,0.025,0.01,51,67,137,600,66.6471,4.6603,45688.2
4,0.078,0.62,1.6,0.021,0.008,13.51,16.9,2.08,0.16,0.037,0.031,0.001,0.028,0.01,3,13,88,650,62.6117,4.5844,46314.3
13,0.08,0.67,1.44,0.026,0.009,12.3,17.11,2.31,0.35,0.013,0.006,0.001,0.0186,0.04,34,19,26,750,63.2041,4.6562,46416.6
6,0.07,0.61,1.65,0.025,0.007,13.6,16.6,2.33,0.26,0.043,0.017,0.0011,0.025,0.01,22,41,88,650,66.6471,4.6661,47073.3
18,0.012,0.56,0.81,0.024,0.004,10.67,16.39,2.11,0.27,0.0006,0.011,0.001,0.081,0.001,47,47,88,650,58.7002,4.6763,47233.2
1,0.05,0.52,1.51,0.021,0.01,13.21,16.42,2.34,0.14,0.011,0.018,0.0005,0.034,0.01,19,13,47,700,66.6025,4.7119,47416.5
8,0.06,0.52,1.58,0.025,0.007,13.6,16.6,2.31,0.26,0.029,0.021,0.0007,0.0224,0.01,31,31,53,700,66.6248,4.6206,48497.2
6,0.07,0.61,1.65,0.025,0.007,13.6,16.6,2.33,0.26,0.043,0.017,0.0011,0.025,0.01,23,37,88,650,66.6471,4.6661,48580.2
16,0.05,0.74,1.74,0.035,0.006,11.19,17.6,2.32,0.28,0.014,0.005,0.0007,0.023,0.03,25,18,20,800,59.6453,4.7020,48834.7
1,0.05,0.52,1.51,0.021,0.01,13.21,16.42,2.34,0.14,0.011,0.018,0.0005,0.034,0.01,14,17,83,650,66.6025,4.5784,49051
1,0.05,0.52,1.51,0.021,0.01,13.21,16.42,2.34,0.14,0.011,0.018,0.0005,0.034,0.01,40,48,127,600,66.6025,4.7238,49271.8
6,0.07,0.61,1.65,0.025,0.007,13.6,16.6,2.33,0.26,0.043,0.017,0.0011,0.025,0.01,22,35,61,700,66.6471,4.5092,50195.5
7,0.06,0.52,1.6,0.025,0.007,13.3,16.7,2.25,0.24,0.06,0.02,0.0008,0.0318,0.01,64,78,137,600,65.2279,4.8388,51914
10,0.07,0.73,1.62,0.029,0.019,11.92,16.97,2.45,0.14,0.009,0.022,0.0013,0.0159,0.04,32,22,26,750,64.0064,4.6562,53844
2,0.05,0.71,1.52,0.022,0.013,13.5,17.5,2.28,0.17,0.055,0.027,0.0013,0.035,0.02,7,5,41,700,64.2349,4.8351,54240.6
0,0.06,0.59,1.69,0.024,0.017,13.32,16.73,2.38,0.07,0.011,0.015,0.001,0.03,0.02,13,10,47,700,66.7612,4.7418,54325.7
3,0.058,0.58,1.56,0.027,0.008,13.65,16.86,2.14,0.17,0.028,0.041,0.0009,0.025,0.01,4,1,69,650,63.5551,4.7667,54529.9
7,0.06,0.52,1.6,0.025,0.007,13.3,16.7,2.25,0.24,0.06,0.02,0.0008,0.0318,0.01,30,40,53,700,65.2279,4.7328,54592.6
4,0.078,0.62,1.6,0.021,0.008,13.51,16.9,2.08,0.16,0.037,0.031,0.001,0.028,0.01,4,1,33,700,62.6117,4.8638,55366.4
6,0.07,0.61,1.65,0.025,0.007,13.6,16.6,2.33,0.26,0.043,0.017,0.0011,0.025,0.01,20,36,88,650,66.6471,4.6661,55367
15,0.06,0.74,1.7,0.038,0.011,13.04,17.31,2.56,0.3,0.011,0.005,0.0011,0.0192,0.04,79,42,41,700,67.3807,4.8674,56959.2
3,0.058,0.58,1.56,0.027,0.008,13.65,16.86,2.14,0.17,0.028,0.041,0.0009,0.025,0.01,13,21,137,600,63.5551,4.6801,57191.8
1,0.05,0.52,1.51,0.021,0.01,13.21,16.42,2.34,0.14,0.011,0.018,0.0005,0.034,0.01,66,42,123,600,66.6025,4.8077,58106.8
4,0.078,0.62,1.6,0.021,0.008,13.51,16.9,2.08,0.16,0.037,0.031,0.001,0.028,0.01,3,4,78,650,62.6117,4.7651,58444.1
0,0.06,0.59,1.69,0.024,0.017,13.32,16.73,2.38,0.07,0.011,0.015,0.001,0.03,0.02,13,20,83,650,66.7612,4.6567,58464.6
4,0.078,0.62,1.6,0.021,0.008,13.51,16.9,2.08,0.16,0.037,0.031,0.001,0.028,0.01,10,17,137,600,62.6117,4.7051,59021.7
3,0.058,0.58,1.56,0.027,0.008,13.65,16.86,2.14,0.17,0.028,0.041,0.0009,0.025,0.01,7,2,29,700,63.5551,4.7121,59459.4
5,0.066,0.63,1.73,0.029,0.024,13.16,17.07,2.34,0.13,0.055,0.095,0.002,0.028,0.01,4,2,53,650,65.3684,4.8589,59828.4
7,0.06,0.52,1.6,0.025,0.007,13.3,16.7,2.25,0.24,0.06,0.02,0.0008,0.0318,0.01,36,44,88,650,65.2279,4.6789,61153
6,0.07,0.61,1.65,0.025,0.007,13.6,16.6,2.33,0.26,0.043,0.017,0.0011,0.025,0.01,51,67,127,600,66.6471,4.8706,61463.9
0,0.06,0.59,1.69,0.024,0.017,13.32,16.73,2.38,0.07,0.011,0.015,0.001,0.03,0.02,33,43,127,600,66.7612,4.8220,62873.3
1,0.05,0.52,1.51,0.021,0.01,13.21,16.42,2.34,0.14,0.011,0.018,0.0005,0.034,0.01,15,17,78,650,66.6025,4.7157,63269.6
2,0.05,0.71,1.52,0.022,0.013,13.5,17.5,2.28,0.17,0.055,0.027,0.0013,0.035,0.02,65,65,127,600,64.2349,4.9126,63872.6
6,0.07,0.61,1.65,0.025,0.007,13.6,16.6,2.33,0.26,0.043,0.017,0.0011,0.025,0.01,29,39,83,650,66.6471,4.8288,64516.7
8,0.06,0.52,1.58,0.025,0.007,13.6,16.6,2.31,0.26,0.029,0.021,0.0007,0.0224,0.01,36,26,47,700,66.6248,4.8441,65751.8
0,0.06,0.59,1.69,0.024,0.017,13.32,16.73,2.38,0.07,0.011,0.015,0.001,0.03,0.02,14,20,78,650,66.7612,4.7859,65752.1
4,0.078,0.62,1.6,0.021,0.008,13.51,16.9,2.08,0.16,0.037,0.031,0.001,0.028,0.01,6,3,29,700,62.6117,4.9556,66350.4
8,0.06,0.52,1.58,0.025,0.007,13.6,16.6,2.31,0.26,0.029,0.021,0.0007,0.0224,0.01,57,51,127,600,66.6248,4.8638,68090.4
6,0.07,0.61,1.65,0.025,0.007,13.6,16.6,2.33,0.26,0.043,0.017,0.0011,0.025,0.01,29,34,53,700,66.6471,4.8337,69139.3
18,0.012,0.56,0.81,0.024,0.004,10.67,16.39,2.11,0.27,0.0006,0.011,0.001,0.081,0.001,33,49,265,550,58.7002,4.9517,70352.8
0,0.06,0.59,1.69,0.024,0.017,13.32,16.73,2.38,0.07,0.011,0.015,0.001,0.03,0.02,37,46,123,600,66.7612,4.9006,70750.7
0,0.06,0.59,1.69,0.024,0.017,13.32,16.73,2.38,0.07,0.011,0.015,0.001,0.03,0.02,14,7,41,700,66.7612,4.9646,71503.6
6,0.07,0.61,1.65,0.025,0.007,13.6,16.6,2.33,0.26,0.043,0.017,0.0011,0.025,0.01,27,31,53,700,66.6471,4.8337,72737
3,0.058,0.58,1.56,0.027,0.008,13.65,16.86,2.14,0.17,0.028,0.041,0.0009,0.025,0.01,3,2,61,650,63.5551,4.9011,74012
1,0.05,0.52,1.51,0.021,0.01,13.21,16.42,2.34,0.14,0.011,0.018,0.0005,0.034,0.01,13,10,41,700,66.6025,4.9559,75033.7
3,0.058,0.58,1.56,0.027,0.008,13.65,16.86,2.14,0.17,0.028,0.041,0.0009,0.025,0.01,11,16,127,600,63.5551,4.8424,75363.6
4,0.078,0.62,1.6,0.021,0.008,13.51,16.9,2.08,0.16,0.037,0.031,0.001,0.028,0.01,5,1,69,650,62.6117,4.9296,76273.4
6,0.07,0.61,1.65,0.025,0.007,13.6,16.6,2.33,0.26,0.043,0.017,0.0011,0.025,0.01,21,34,53,700,66.6471,4.8337,77514
6,0.07,0.61,1.65,0.025,0.007,13.6,16.6,2.33,0.26,0.043,0.017,0.0011,0.025,0.01,40,56,127,600,66.6471,4.8706,78055.8
2,0.05,0.71,1.52,0.022,0.013,13.5,17.5,2.28,0.17,0.055,0.027,0.0013,0.035,0.02,11,15,78,650,64.2349,4.7230,78146.5
1,0.05,0.52,1.51,0.021,0.01,13.21,16.42,2.34,0.14,0.011,0.018,0.0005,0.034,0.01,37,44,118,600,66.6025,4.9139,78637.4
5,0.066,0.63,1.73,0.029,0.024,13.16,17.07,2.34,0.13,0.055,0.095,0.002,0.028,0.01,8,19,137,600,65.3684,4.7923,81217.1
8,0.06,0.52,1.58,0.025,0.007,13.6,16.6,2.31,0.26,0.029,0.021,0.0007,0.0224,0.01,26,34,78,650,66.6248,4.8564,81541.7
6,0.07,0.61,1.65,0.025,0.007,13.6,16.6,2.33,0.26,0.043,0.017,0.0011,0.025,0.01,24,37,83,650,66.6471,4.8288,82077.7
7,0.06,0.52,1.6,0.025,0.007,13.3,16.7,2.25,0.24,0.06,0.02,0.0008,0.0318,0.01,35,36,47,700,65.2279,4.9866,84836.2
18,0.012,0.56,0.81,0.024,0.004,10.67,16.39,2.11,0.27,0.0006,0.011,0.001,0.081,0.001,19,15,41,700,58.7002,4.9379,84875.9
7,0.06,0.52,1.6,0.025,0.007,13.3,16.7,2.25,0.24,0.06,0.02,0.0008,0.0318,0.01,58,72,127,600,65.2279,5.0179,85719.8
3,0.058,0.58,1.56,0.027,0.008,13.65,16.86,2.14,0.17,0.028,0.041,0.0009,0.025,0.01,5,1,53,650,63.5551,5.0401,85830.4
6,0.07,0.61,1.65,0.025,0.007,13.6,16.6,2.33,0.26,0.043,0.017,0.0011,0.025,0.01,19,33,53,700,66.6471,4.8337,89543.7
6,0.07,0.61,1.65,0.025,0.007,13.6,16.6,2.33,0.26,0.043,0.017,0.0011,0.025,0.01,38,55,118,600,66.6471,5.0656,95664.9
4,0.078,0.62,1.6,0.021,0.008,13.51,16.9,2.08,0.16,0.037,0.031,0.001,0.028,0.01,8,16,127,600,62.6117,4.8684,95836
2,0.05,0.71,1.52,0.022,0.013,13.5,17.5,2.28,0.17,0.055,0.027,0.0013,0.035,0.02,59,53,118,600,64.2349,5.0701,99189.7
7,0.06,0.52,1.6,0.025,0.007,13.3,16.7,2.25,0.24,0.06,0.02,0.0008,0.0318,0.01,46,42,78,650,65.2279,4.9449,99320.7
0,0.06,0.59,1.69,0.024,0.017,13.32,16.73,2.38,0.07,0.011,0.015,0.001,0.03,0.02,22,32,118,600,66.7612,5.0000,102824.8
8,0.06,0.52,1.58,0.025,0.007,13.6,16.6,2.31,0.26,0.029,0.021,0.0007,0.0224,0.01,29,42,118,600,66.6248,5.0390,105029.3
6,0.07,0.61,1.65,0.025,0.007,13.6,16.6,2.33,0.26,0.043,0.017,0.0011,0.025,0.01,26,30,47,700,66.6471,5.0878,105624.1
6,0.07,0.61,1.65,0.025,0.007,13.6,16.6,2.33,0.26,0.043,0.017,0.0011,0.025,0.01,22,27,47,700,66.6471,5.0878,116785.6
5,0.066,0.63,1.73,0.029,0.024,13.16,17.07,2.34,0.13,0.055,0.095,0.002,0.028,0.01,9,10,127,600,65.3684,4.9311,119600.9
16,0.05,0.74,1.74,0.035,0.006,11.19,17.6,2.32,0.28,0.014,0.005,0.0007,0.023,0.03,23,15,26,750,59.6453,4.7802,130477.9
7,0.06,0.52,1.6,0.025,0.007,13.3,16.7,2.25,0.24,0.06,0.02,0.0008,0.0318,0.01,41,55,118,600,65.2279,5.1788,142185.9
6,0.07,0.61,1.65,0.025,0.007,13.6,16.6,2.33,0.26,0.043,0.017,0.0011,0.025,0.01,26,39,108,600,66.6471,5.2890,152758
2,0.05,0.71,1.52,0.022,0.013,13.5,17.5,2.28,0.17,0.055,0.027,0.0013,0.035,0.02,28,37,108,600,64.2349,5.2471,173814.3
6,0.07,0.61,1.65,0.025,0.007,13.6,16.6,2.33,0.26,0.043,0.017,0.0011,0.025,0.01,25,23,41,700,66.6471,5.3538,178190.4
6,0.07,0.61,1.65,0.025,0.007,13.6,16.6,2.33,0.26,0.043,0.017,0.0011,0.025,0.01,14,22,41,700,66.6471,5.3538,222705.3
